run_name,status,model_name,image_size,learning_rate,batch_size,augmentation,run_mode,reduced_label_tag,num_classes,epochs,best_epoch,best_val_mdice_ex_bg,best_val_pixel_acc_ex_bg,best_val_miou_ex_bg,seconds,checkpoint_path,history_csv,per_class_csv,config_json
deeplabv3plus_resnet50_res192_lr0.001_bs4_weak_smoke_full_labels,completed,deeplabv3plus_resnet50,192,0.001,4,weak,smoke,full_labels,47,1,1,0.0022838229779154062,0.01667676493525505,0.0011969456681981683,5.472423300030641,outputs\task2\checkpoints\deeplabv3plus_resnet50_res192_lr0.001_bs4_weak_smoke_full_labels.pt,outputs\task2\histories\deeplabv3plus_resnet50_res192_lr0.001_bs4_weak_smoke_full_labels.csv,outputs\task2\per_class_metrics\deeplabv3plus_resnet50_res192_lr0.001_bs4_weak_smoke_full_labels.csv,outputs\task2\configs\deeplabv3plus_resnet50_res192_lr0.001_bs4_weak_smoke_full_labels.json
deeplabv3plus_resnet50_res192_lr0.001_bs8_weak_pilot_full_labels,completed,deeplabv3plus_resnet50,192,0.001,8,weak,pilot,full_labels,47,2,2,0.03333355113863945,0.2392832487821579,0.020131684839725494,24.305292800068855,outputs\task2\checkpoints\deeplabv3plus_resnet50_res192_lr0.001_bs8_weak_pilot_full_labels.pt,outputs\task2\histories\deeplabv3plus_resnet50_res192_lr0.001_bs8_weak_pilot_full_labels.csv,outputs\task2\per_class_metrics\deeplabv3plus_resnet50_res192_lr0.001_bs8_weak_pilot_full_labels.csv,outputs\task2\configs\deeplabv3plus_resnet50_res192_lr0.001_bs8_weak_pilot_full_labels.json
segformer_b0_res384_lr0.0003_bs8_strong_pilot_full_labels,completed,segformer_b0,384,0.0003,8,strong,pilot,full_labels,47,2,2,0.045098356902599335,0.3330802619457245,0.02868649549782276,25.889674399979413,outputs\task2\checkpoints\segformer_b0_res384_lr0.0003_bs8_strong_pilot_full_labels.pt,outputs\task2\histories\segformer_b0_res384_lr0.0003_bs8_strong_pilot_full_labels.csv,outputs\task2\per_class_metrics\segformer_b0_res384_lr0.0003_bs8_strong_pilot_full_labels.csv,outputs\task2\configs\segformer_b0_res384_lr0.0003_bs8_strong_pilot_full_labels.json
upernet_swin_tiny_res192_lr0.0003_bs8_weak_pilot_full_labels,completed,upernet_swin_tiny,192,0.0003,8,weak,pilot,full_labels,47,2,2,0.04619596153497696,0.42986682057380676,0.031081153079867363,26.41934579994995,outputs\task2\checkpoints\upernet_swin_tiny_res192_lr0.0003_bs8_weak_pilot_full_labels.pt,outputs\task2\histories\upernet_swin_tiny_res192_lr0.0003_bs8_weak_pilot_full_labels.csv,outputs\task2\per_class_metrics\upernet_swin_tiny_res192_lr0.0003_bs8_weak_pilot_full_labels.csv,outputs\task2\configs\upernet_swin_tiny_res192_lr0.0003_bs8_weak_pilot_full_labels.json
deeplabv3plus_resnet50_res192_lr0.001_bs8_weak_full_full_labels,completed,deeplabv3plus_resnet50,192,0.001,8,weak,full,full_labels,47,12,10,0.20008404552936554,0.5971883535385132,0.13496869802474976,2572.467596499948,outputs\task2\checkpoints\deeplabv3plus_resnet50_res192_lr0.001_bs8_weak_full_full_labels.pt,outputs\task2\histories\deeplabv3plus_resnet50_res192_lr0.001_bs8_weak_full_full_labels.csv,outputs\task2\per_class_metrics\deeplabv3plus_resnet50_res192_lr0.001_bs8_weak_full_full_labels.csv,outputs\task2\configs\deeplabv3plus_resnet50_res192_lr0.001_bs8_weak_full_full_labels.json
deeplabv3plus_resnet50_res192_lr0.001_bs8_strong_full_full_labels,completed,deeplabv3plus_resnet50,192,0.001,8,strong,full,full_labels,47,12,12,0.18509578704833984,0.5787142515182495,0.12308160215616226,2518.6354365999578,outputs\task2\checkpoints\deeplabv3plus_resnet50_res192_lr0.001_bs8_strong_full_full_labels.pt,outputs\task2\histories\deeplabv3plus_resnet50_res192_lr0.001_bs8_strong_full_full_labels.csv,outputs\task2\per_class_metrics\deeplabv3plus_resnet50_res192_lr0.001_bs8_strong_full_full_labels.csv,outputs\task2\configs\deeplabv3plus_resnet50_res192_lr0.001_bs8_strong_full_full_labels.json
deeplabv3plus_resnet50_res192_lr0.001_bs16_weak_full_full_labels,completed,deeplabv3plus_resnet50,192,0.001,16,weak,full,full_labels,47,12,10,0.21644693613052368,0.6051876544952393,0.1466890573501587,1957.7954125000397,outputs\task2\checkpoints\deeplabv3plus_resnet50_res192_lr0.001_bs16_weak_full_full_labels.pt,outputs\task2\histories\deeplabv3plus_resnet50_res192_lr0.001_bs16_weak_full_full_labels.csv,outputs\task2\per_class_metrics\deeplabv3plus_resnet50_res192_lr0.001_bs16_weak_full_full_labels.csv,outputs\task2\configs\deeplabv3plus_resnet50_res192_lr0.001_bs16_weak_full_full_labels.json
deeplabv3plus_resnet50_res192_lr0.001_bs16_strong_full_full_labels,completed,deeplabv3plus_resnet50,192,0.001,16,strong,full,full_labels,47,12,12,0.19354821741580963,0.5962774157524109,0.12914006412029266,1957.2248003999703,outputs\task2\checkpoints\deeplabv3plus_resnet50_res192_lr0.001_bs16_strong_full_full_labels.pt,outputs\task2\histories\deeplabv3plus_resnet50_res192_lr0.001_bs16_strong_full_full_labels.csv,outputs\task2\per_class_metrics\deeplabv3plus_resnet50_res192_lr0.001_bs16_strong_full_full_labels.csv,outputs\task2\configs\deeplabv3plus_resnet50_res192_lr0.001_bs16_strong_full_full_labels.json
deeplabv3plus_resnet50_res192_lr0.0003_bs8_weak_full_full_labels,completed,deeplabv3plus_resnet50,192,0.0003,8,weak,full,full_labels,47,12,12,0.2420852929353714,0.6312840580940247,0.16657030582427979,2518.4394522000803,outputs\task2\checkpoints\deeplabv3plus_resnet50_res192_lr0.0003_bs8_weak_full_full_labels.pt,outputs\task2\histories\deeplabv3plus_resnet50_res192_lr0.0003_bs8_weak_full_full_labels.csv,outputs\task2\per_class_metrics\deeplabv3plus_resnet50_res192_lr0.0003_bs8_weak_full_full_labels.csv,outputs\task2\configs\deeplabv3plus_resnet50_res192_lr0.0003_bs8_weak_full_full_labels.json
deeplabv3plus_resnet50_res192_lr0.0003_bs8_strong_full_full_labels,completed,deeplabv3plus_resnet50,192,0.0003,8,strong,full,full_labels,47,12,11,0.23359887301921844,0.6122802495956421,0.15853703022003174,2947.783133599907,outputs\task2\checkpoints\deeplabv3plus_resnet50_res192_lr0.0003_bs8_strong_full_full_labels.pt,outputs\task2\histories\deeplabv3plus_resnet50_res192_lr0.0003_bs8_strong_full_full_labels.csv,outputs\task2\per_class_metrics\deeplabv3plus_resnet50_res192_lr0.0003_bs8_strong_full_full_labels.csv,outputs\task2\configs\deeplabv3plus_resnet50_res192_lr0.0003_bs8_strong_full_full_labels.json
deeplabv3plus_resnet50_res192_lr0.0003_bs16_weak_full_full_labels,completed,deeplabv3plus_resnet50,192,0.0003,16,weak,full,full_labels,47,12,11,0.26093029975891113,0.6573793292045593,0.18125994503498077,2367.340810499969,outputs\task2\checkpoints\deeplabv3plus_resnet50_res192_lr0.0003_bs16_weak_full_full_labels.pt,outputs\task2\histories\deeplabv3plus_resnet50_res192_lr0.0003_bs16_weak_full_full_labels.csv,outputs\task2\per_class_metrics\deeplabv3plus_resnet50_res192_lr0.0003_bs16_weak_full_full_labels.csv,outputs\task2\configs\deeplabv3plus_resnet50_res192_lr0.0003_bs16_weak_full_full_labels.json
deeplabv3plus_resnet50_res192_lr0.0003_bs16_strong_full_full_labels,completed,deeplabv3plus_resnet50,192,0.0003,16,strong,full,full_labels,47,12,12,0.24569495022296906,0.6407245397567749,0.17056119441986084,2353.231683399994,outputs\task2\checkpoints\deeplabv3plus_resnet50_res192_lr0.0003_bs16_strong_full_full_labels.pt,outputs\task2\histories\deeplabv3plus_resnet50_res192_lr0.0003_bs16_strong_full_full_labels.csv,outputs\task2\per_class_metrics\deeplabv3plus_resnet50_res192_lr0.0003_bs16_strong_full_full_labels.csv,outputs\task2\configs\deeplabv3plus_resnet50_res192_lr0.0003_bs16_strong_full_full_labels.json
deeplabv3plus_resnet50_res384_lr0.001_bs8_weak_full_full_labels,completed,deeplabv3plus_resnet50,384,0.001,8,weak,full,full_labels,47,12,11,0.2687944769859314,0.6574919819831848,0.18597352504730225,5716.537744100089,outputs\task2\checkpoints\deeplabv3plus_resnet50_res384_lr0.001_bs8_weak_full_full_labels.pt,outputs\task2\histories\deeplabv3plus_resnet50_res384_lr0.001_bs8_weak_full_full_labels.csv,outputs\task2\per_class_metrics\deeplabv3plus_resnet50_res384_lr0.001_bs8_weak_full_full_labels.csv,outputs\task2\configs\deeplabv3plus_resnet50_res384_lr0.001_bs8_weak_full_full_labels.json
deeplabv3plus_resnet50_res384_lr0.001_bs8_strong_full_full_labels,completed,deeplabv3plus_resnet50,384,0.001,8,strong,full,full_labels,47,12,11,0.24878808856010437,0.6183233857154846,0.1692124754190445,5633.215968000004,outputs\task2\checkpoints\deeplabv3plus_resnet50_res384_lr0.001_bs8_strong_full_full_labels.pt,outputs\task2\histories\deeplabv3plus_resnet50_res384_lr0.001_bs8_strong_full_full_labels.csv,outputs\task2\per_class_metrics\deeplabv3plus_resnet50_res384_lr0.001_bs8_strong_full_full_labels.csv,outputs\task2\configs\deeplabv3plus_resnet50_res384_lr0.001_bs8_strong_full_full_labels.json
deeplabv3plus_resnet50_res384_lr0.001_bs16_weak_full_full_labels,completed,deeplabv3plus_resnet50,384,0.001,16,weak,full,full_labels,47,12,10,0.2776632606983185,0.6593422293663025,0.19497787952423096,5509.936800300027,outputs\task2\checkpoints\deeplabv3plus_resnet50_res384_lr0.001_bs16_weak_full_full_labels.pt,outputs\task2\histories\deeplabv3plus_resnet50_res384_lr0.001_bs16_weak_full_full_labels.csv,outputs\task2\per_class_metrics\deeplabv3plus_resnet50_res384_lr0.001_bs16_weak_full_full_labels.csv,outputs\task2\configs\deeplabv3plus_resnet50_res384_lr0.001_bs16_weak_full_full_labels.json
deeplabv3plus_resnet50_res384_lr0.001_bs16_strong_full_full_labels,completed,deeplabv3plus_resnet50,384,0.001,16,strong,full,full_labels,47,12,12,0.2641541361808777,0.6535954475402832,0.18381653726100922,5512.3755161999725,outputs\task2\checkpoints\deeplabv3plus_resnet50_res384_lr0.001_bs16_strong_full_full_labels.pt,outputs\task2\histories\deeplabv3plus_resnet50_res384_lr0.001_bs16_strong_full_full_labels.csv,outputs\task2\per_class_metrics\deeplabv3plus_resnet50_res384_lr0.001_bs16_strong_full_full_labels.csv,outputs\task2\configs\deeplabv3plus_resnet50_res384_lr0.001_bs16_strong_full_full_labels.json
deeplabv3plus_resnet50_res384_lr0.0003_bs8_weak_full_full_labels,completed,deeplabv3plus_resnet50,384,0.0003,8,weak,full,full_labels,47,12,12,0.33514803647994995,0.692089855670929,0.23854659497737885,5584.022441899986,outputs\task2\checkpoints\deeplabv3plus_resnet50_res384_lr0.0003_bs8_weak_full_full_labels.pt,outputs\task2\histories\deeplabv3plus_resnet50_res384_lr0.0003_bs8_weak_full_full_labels.csv,outputs\task2\per_class_metrics\deeplabv3plus_resnet50_res384_lr0.0003_bs8_weak_full_full_labels.csv,outputs\task2\configs\deeplabv3plus_resnet50_res384_lr0.0003_bs8_weak_full_full_labels.json
deeplabv3plus_resnet50_res384_lr0.0003_bs8_strong_full_full_labels,completed,deeplabv3plus_resnet50,384,0.0003,8,strong,full,full_labels,47,12,12,0.31194576621055603,0.7032911777496338,0.2213655561208725,5585.5035164,outputs\task2\checkpoints\deeplabv3plus_resnet50_res384_lr0.0003_bs8_strong_full_full_labels.pt,outputs\task2\histories\deeplabv3plus_resnet50_res384_lr0.0003_bs8_strong_full_full_labels.csv,outputs\task2\per_class_metrics\deeplabv3plus_resnet50_res384_lr0.0003_bs8_strong_full_full_labels.csv,outputs\task2\configs\deeplabv3plus_resnet50_res384_lr0.0003_bs8_strong_full_full_labels.json
deeplabv3plus_resnet50_res384_lr0.0003_bs16_weak_full_full_labels,completed,deeplabv3plus_resnet50,384,0.0003,16,weak,full,full_labels,47,12,11,0.35047563910484314,0.7072039842605591,0.2502342164516449,5502.939495100058,outputs\task2\checkpoints\deeplabv3plus_resnet50_res384_lr0.0003_bs16_weak_full_full_labels.pt,outputs\task2\histories\deeplabv3plus_resnet50_res384_lr0.0003_bs16_weak_full_full_labels.csv,outputs\task2\per_class_metrics\deeplabv3plus_resnet50_res384_lr0.0003_bs16_weak_full_full_labels.csv,outputs\task2\configs\deeplabv3plus_resnet50_res384_lr0.0003_bs16_weak_full_full_labels.json
deeplabv3plus_resnet50_res384_lr0.0003_bs16_strong_full_full_labels,completed,deeplabv3plus_resnet50,384,0.0003,16,strong,full,full_labels,47,12,12,0.34032949805259705,0.7149555087089539,0.24293021857738495,5503.2399864000035,outputs\task2\checkpoints\deeplabv3plus_resnet50_res384_lr0.0003_bs16_strong_full_full_labels.pt,outputs\task2\histories\deeplabv3plus_resnet50_res384_lr0.0003_bs16_strong_full_full_labels.csv,outputs\task2\per_class_metrics\deeplabv3plus_resnet50_res384_lr0.0003_bs16_strong_full_full_labels.csv,outputs\task2\configs\deeplabv3plus_resnet50_res384_lr0.0003_bs16_strong_full_full_labels.json
segformer_b0_res192_lr0.001_bs8_weak_full_full_labels,completed,segformer_b0,192,0.001,8,weak,full,full_labels,47,12,10,0.18020424246788025,0.5694211721420288,0.11863096803426743,2326.4249859000556,outputs\task2\checkpoints\segformer_b0_res192_lr0.001_bs8_weak_full_full_labels.pt,outputs\task2\histories\segformer_b0_res192_lr0.001_bs8_weak_full_full_labels.csv,outputs\task2\per_class_metrics\segformer_b0_res192_lr0.001_bs8_weak_full_full_labels.csv,outputs\task2\configs\segformer_b0_res192_lr0.001_bs8_weak_full_full_labels.json
segformer_b0_res192_lr0.001_bs8_strong_full_full_labels,completed,segformer_b0,192,0.001,8,strong,full,full_labels,47,12,11,0.16737017035484314,0.5300512909889221,0.10895220935344696,2320.6079708999023,outputs\task2\checkpoints\segformer_b0_res192_lr0.001_bs8_strong_full_full_labels.pt,outputs\task2\histories\segformer_b0_res192_lr0.001_bs8_strong_full_full_labels.csv,outputs\task2\per_class_metrics\segformer_b0_res192_lr0.001_bs8_strong_full_full_labels.csv,outputs\task2\configs\segformer_b0_res192_lr0.001_bs8_strong_full_full_labels.json
segformer_b0_res192_lr0.001_bs16_weak_full_full_labels,completed,segformer_b0,192,0.001,16,weak,full,full_labels,47,12,12,0.20011381804943085,0.5971797704696655,0.1338781863451004,1586.3085599000333,outputs\task2\checkpoints\segformer_b0_res192_lr0.001_bs16_weak_full_full_labels.pt,outputs\task2\histories\segformer_b0_res192_lr0.001_bs16_weak_full_full_labels.csv,outputs\task2\per_class_metrics\segformer_b0_res192_lr0.001_bs16_weak_full_full_labels.csv,outputs\task2\configs\segformer_b0_res192_lr0.001_bs16_weak_full_full_labels.json
segformer_b0_res192_lr0.001_bs16_strong_full_full_labels,completed,segformer_b0,192,0.001,16,strong,full,full_labels,47,12,12,0.18493075668811798,0.5751222968101501,0.12200380116701126,1585.4725819999585,outputs\task2\checkpoints\segformer_b0_res192_lr0.001_bs16_strong_full_full_labels.pt,outputs\task2\histories\segformer_b0_res192_lr0.001_bs16_strong_full_full_labels.csv,outputs\task2\per_class_metrics\segformer_b0_res192_lr0.001_bs16_strong_full_full_labels.csv,outputs\task2\configs\segformer_b0_res192_lr0.001_bs16_strong_full_full_labels.json
segformer_b0_res192_lr0.0003_bs8_weak_full_full_labels,completed,segformer_b0,192,0.0003,8,weak,full,full_labels,47,12,9,0.2289547324180603,0.6159532070159912,0.15517722070217133,2329.0260860999115,outputs\task2\checkpoints\segformer_b0_res192_lr0.0003_bs8_weak_full_full_labels.pt,outputs\task2\histories\segformer_b0_res192_lr0.0003_bs8_weak_full_full_labels.csv,outputs\task2\per_class_metrics\segformer_b0_res192_lr0.0003_bs8_weak_full_full_labels.csv,outputs\task2\configs\segformer_b0_res192_lr0.0003_bs8_weak_full_full_labels.json
segformer_b0_res192_lr0.0003_bs8_strong_full_full_labels,completed,segformer_b0,192,0.0003,8,strong,full,full_labels,47,12,10,0.21057924628257751,0.5969762802124023,0.13963602483272552,2322.147645699908,outputs\task2\checkpoints\segformer_b0_res192_lr0.0003_bs8_strong_full_full_labels.pt,outputs\task2\histories\segformer_b0_res192_lr0.0003_bs8_strong_full_full_labels.csv,outputs\task2\per_class_metrics\segformer_b0_res192_lr0.0003_bs8_strong_full_full_labels.csv,outputs\task2\configs\segformer_b0_res192_lr0.0003_bs8_strong_full_full_labels.json
segformer_b0_res192_lr0.0003_bs16_weak_full_full_labels,completed,segformer_b0,192,0.0003,16,weak,full,full_labels,47,12,12,0.23725266754627228,0.6193222999572754,0.15816813707351685,1586.8527918999316,outputs\task2\checkpoints\segformer_b0_res192_lr0.0003_bs16_weak_full_full_labels.pt,outputs\task2\histories\segformer_b0_res192_lr0.0003_bs16_weak_full_full_labels.csv,outputs\task2\per_class_metrics\segformer_b0_res192_lr0.0003_bs16_weak_full_full_labels.csv,outputs\task2\configs\segformer_b0_res192_lr0.0003_bs16_weak_full_full_labels.json
segformer_b0_res192_lr0.0003_bs16_strong_full_full_labels,completed,segformer_b0,192,0.0003,16,strong,full,full_labels,47,12,5,0.20177069306373596,0.5906491279602051,0.1361227184534073,1129.713402000023,outputs\task2\checkpoints\segformer_b0_res192_lr0.0003_bs16_strong_full_full_labels.pt,outputs\task2\histories\segformer_b0_res192_lr0.0003_bs16_strong_full_full_labels.csv,outputs\task2\per_class_metrics\segformer_b0_res192_lr0.0003_bs16_strong_full_full_labels.csv,outputs\task2\configs\segformer_b0_res192_lr0.0003_bs16_strong_full_full_labels.json
segformer_b0_res384_lr0.001_bs8_weak_full_full_labels,completed,segformer_b0,384,0.001,8,weak,full,full_labels,47,12,11,0.24104681611061096,0.6327590346336365,0.1636267751455307,4513.630236999947,outputs\task2\checkpoints\segformer_b0_res384_lr0.001_bs8_weak_full_full_labels.pt,outputs\task2\histories\segformer_b0_res384_lr0.001_bs8_weak_full_full_labels.csv,outputs\task2\per_class_metrics\segformer_b0_res384_lr0.001_bs8_weak_full_full_labels.csv,outputs\task2\configs\segformer_b0_res384_lr0.001_bs8_weak_full_full_labels.json
segformer_b0_res384_lr0.001_bs8_strong_full_full_labels,completed,segformer_b0,384,0.001,8,strong,full,full_labels,47,12,12,0.20414091646671295,0.5801287889480591,0.13555273413658142,4507.9227465,outputs\task2\checkpoints\segformer_b0_res384_lr0.001_bs8_strong_full_full_labels.pt,outputs\task2\histories\segformer_b0_res384_lr0.001_bs8_strong_full_full_labels.csv,outputs\task2\per_class_metrics\segformer_b0_res384_lr0.001_bs8_strong_full_full_labels.csv,outputs\task2\configs\segformer_b0_res384_lr0.001_bs8_strong_full_full_labels.json
segformer_b0_res384_lr0.001_bs16_weak_full_full_labels,completed,segformer_b0,384,0.001,16,weak,full,full_labels,47,12,12,0.2731216549873352,0.6566031575202942,0.1870035082101822,4553.82565959997,outputs\task2\checkpoints\segformer_b0_res384_lr0.001_bs16_weak_full_full_labels.pt,outputs\task2\histories\segformer_b0_res384_lr0.001_bs16_weak_full_full_labels.csv,outputs\task2\per_class_metrics\segformer_b0_res384_lr0.001_bs16_weak_full_full_labels.csv,outputs\task2\configs\segformer_b0_res384_lr0.001_bs16_weak_full_full_labels.json
segformer_b0_res384_lr0.001_bs16_strong_full_full_labels,completed,segformer_b0,384,0.001,16,strong,full,full_labels,47,12,9,0.2379153072834015,0.6220394968986511,0.15945400297641754,4549.779193799943,outputs\task2\checkpoints\segformer_b0_res384_lr0.001_bs16_strong_full_full_labels.pt,outputs\task2\histories\segformer_b0_res384_lr0.001_bs16_strong_full_full_labels.csv,outputs\task2\per_class_metrics\segformer_b0_res384_lr0.001_bs16_strong_full_full_labels.csv,outputs\task2\configs\segformer_b0_res384_lr0.001_bs16_strong_full_full_labels.json
segformer_b0_res384_lr0.0003_bs8_weak_full_full_labels,completed,segformer_b0,384,0.0003,8,weak,full,full_labels,47,12,10,0.30444374680519104,0.6736453771591187,0.21178074181079865,4507.41254020005,outputs\task2\checkpoints\segformer_b0_res384_lr0.0003_bs8_weak_full_full_labels.pt,outputs\task2\histories\segformer_b0_res384_lr0.0003_bs8_weak_full_full_labels.csv,outputs\task2\per_class_metrics\segformer_b0_res384_lr0.0003_bs8_weak_full_full_labels.csv,outputs\task2\configs\segformer_b0_res384_lr0.0003_bs8_weak_full_full_labels.json
segformer_b0_res384_lr0.0003_bs8_strong_full_full_labels,completed,segformer_b0,384,0.0003,8,strong,full,full_labels,47,12,11,0.2792271673679352,0.6576063632965088,0.19527709484100342,4507.890793600003,outputs\task2\checkpoints\segformer_b0_res384_lr0.0003_bs8_strong_full_full_labels.pt,outputs\task2\histories\segformer_b0_res384_lr0.0003_bs8_strong_full_full_labels.csv,outputs\task2\per_class_metrics\segformer_b0_res384_lr0.0003_bs8_strong_full_full_labels.csv,outputs\task2\configs\segformer_b0_res384_lr0.0003_bs8_strong_full_full_labels.json
segformer_b0_res384_lr0.0003_bs16_weak_full_full_labels,completed,segformer_b0,384,0.0003,16,weak,full,full_labels,47,12,10,0.32127007842063904,0.6945711970329285,0.22724966704845428,4558.235166499973,outputs\task2\checkpoints\segformer_b0_res384_lr0.0003_bs16_weak_full_full_labels.pt,outputs\task2\histories\segformer_b0_res384_lr0.0003_bs16_weak_full_full_labels.csv,outputs\task2\per_class_metrics\segformer_b0_res384_lr0.0003_bs16_weak_full_full_labels.csv,outputs\task2\configs\segformer_b0_res384_lr0.0003_bs16_weak_full_full_labels.json
segformer_b0_res384_lr0.0003_bs16_strong_full_full_labels,completed,segformer_b0,384,0.0003,16,strong,full,full_labels,47,12,12,0.31656989455223083,0.6940568685531616,0.22228601574897766,4580.205908600008,outputs\task2\checkpoints\segformer_b0_res384_lr0.0003_bs16_strong_full_full_labels.pt,outputs\task2\histories\segformer_b0_res384_lr0.0003_bs16_strong_full_full_labels.csv,outputs\task2\per_class_metrics\segformer_b0_res384_lr0.0003_bs16_strong_full_full_labels.csv,outputs\task2\configs\segformer_b0_res384_lr0.0003_bs16_strong_full_full_labels.json
upernet_swin_tiny_res192_lr0.001_bs8_weak_full_full_labels,completed,upernet_swin_tiny,192,0.001,8,weak,full,full_labels,47,12,12,0.22404606640338898,0.5616999268531799,0.1483968049287796,4347.486758599989,outputs\task2\checkpoints\upernet_swin_tiny_res192_lr0.001_bs8_weak_full_full_labels.pt,outputs\task2\histories\upernet_swin_tiny_res192_lr0.001_bs8_weak_full_full_labels.csv,outputs\task2\per_class_metrics\upernet_swin_tiny_res192_lr0.001_bs8_weak_full_full_labels.csv,outputs\task2\configs\upernet_swin_tiny_res192_lr0.001_bs8_weak_full_full_labels.json
upernet_swin_tiny_res192_lr0.001_bs8_strong_full_full_labels,completed,upernet_swin_tiny,192,0.001,8,strong,full,full_labels,47,12,11,0.20190048217773438,0.5683925151824951,0.13348767161369324,4334.46466269996,outputs\task2\checkpoints\upernet_swin_tiny_res192_lr0.001_bs8_strong_full_full_labels.pt,outputs\task2\histories\upernet_swin_tiny_res192_lr0.001_bs8_strong_full_full_labels.csv,outputs\task2\per_class_metrics\upernet_swin_tiny_res192_lr0.001_bs8_strong_full_full_labels.csv,outputs\task2\configs\upernet_swin_tiny_res192_lr0.001_bs8_strong_full_full_labels.json
upernet_swin_tiny_res192_lr0.001_bs16_weak_full_full_labels,completed,upernet_swin_tiny,192,0.001,16,weak,full,full_labels,47,12,12,0.2394322156906128,0.6298233866691589,0.16202493011951447,3293.03641359997,outputs\task2\checkpoints\upernet_swin_tiny_res192_lr0.001_bs16_weak_full_full_labels.pt,outputs\task2\histories\upernet_swin_tiny_res192_lr0.001_bs16_weak_full_full_labels.csv,outputs\task2\per_class_metrics\upernet_swin_tiny_res192_lr0.001_bs16_weak_full_full_labels.csv,outputs\task2\configs\upernet_swin_tiny_res192_lr0.001_bs16_weak_full_full_labels.json
upernet_swin_tiny_res192_lr0.001_bs16_strong_full_full_labels,completed,upernet_swin_tiny,192,0.001,16,strong,full,full_labels,47,12,10,0.20976680517196655,0.5796701312065125,0.13869287073612213,3288.8569586999947,outputs\task2\checkpoints\upernet_swin_tiny_res192_lr0.001_bs16_strong_full_full_labels.pt,outputs\task2\histories\upernet_swin_tiny_res192_lr0.001_bs16_strong_full_full_labels.csv,outputs\task2\per_class_metrics\upernet_swin_tiny_res192_lr0.001_bs16_strong_full_full_labels.csv,outputs\task2\configs\upernet_swin_tiny_res192_lr0.001_bs16_strong_full_full_labels.json
upernet_swin_tiny_res192_lr0.0003_bs8_weak_full_full_labels,completed,upernet_swin_tiny,192,0.0003,8,weak,full,full_labels,47,12,11,0.2788982689380646,0.6467713117599487,0.19333207607269287,4338.6279676998965,outputs\task2\checkpoints\upernet_swin_tiny_res192_lr0.0003_bs8_weak_full_full_labels.pt,outputs\task2\histories\upernet_swin_tiny_res192_lr0.0003_bs8_weak_full_full_labels.csv,outputs\task2\per_class_metrics\upernet_swin_tiny_res192_lr0.0003_bs8_weak_full_full_labels.csv,outputs\task2\configs\upernet_swin_tiny_res192_lr0.0003_bs8_weak_full_full_labels.json
upernet_swin_tiny_res192_lr0.0003_bs8_strong_full_full_labels,completed,upernet_swin_tiny,192,0.0003,8,strong,full,full_labels,47,12,12,0.25446414947509766,0.6381791830062866,0.17334361374378204,4342.486709099961,outputs\task2\checkpoints\upernet_swin_tiny_res192_lr0.0003_bs8_strong_full_full_labels.pt,outputs\task2\histories\upernet_swin_tiny_res192_lr0.0003_bs8_strong_full_full_labels.csv,outputs\task2\per_class_metrics\upernet_swin_tiny_res192_lr0.0003_bs8_strong_full_full_labels.csv,outputs\task2\configs\upernet_swin_tiny_res192_lr0.0003_bs8_strong_full_full_labels.json
upernet_swin_tiny_res192_lr0.0003_bs16_weak_full_full_labels,completed,upernet_swin_tiny,192,0.0003,16,weak,full,full_labels,47,12,11,0.28935766220092773,0.6634459495544434,0.20238935947418213,3292.7610710000154,outputs\task2\checkpoints\upernet_swin_tiny_res192_lr0.0003_bs16_weak_full_full_labels.pt,outputs\task2\histories\upernet_swin_tiny_res192_lr0.0003_bs16_weak_full_full_labels.csv,outputs\task2\per_class_metrics\upernet_swin_tiny_res192_lr0.0003_bs16_weak_full_full_labels.csv,outputs\task2\configs\upernet_swin_tiny_res192_lr0.0003_bs16_weak_full_full_labels.json
upernet_swin_tiny_res192_lr0.0003_bs16_strong_full_full_labels,completed,upernet_swin_tiny,192,0.0003,16,strong,full,full_labels,47,12,10,0.26051583886146545,0.6350612640380859,0.17875730991363525,3288.6189753999934,outputs\task2\checkpoints\upernet_swin_tiny_res192_lr0.0003_bs16_strong_full_full_labels.pt,outputs\task2\histories\upernet_swin_tiny_res192_lr0.0003_bs16_strong_full_full_labels.csv,outputs\task2\per_class_metrics\upernet_swin_tiny_res192_lr0.0003_bs16_strong_full_full_labels.csv,outputs\task2\configs\upernet_swin_tiny_res192_lr0.0003_bs16_strong_full_full_labels.json
upernet_swin_tiny_res384_lr0.001_bs8_weak_full_full_labels,completed,upernet_swin_tiny,384,0.001,8,weak,full,full_labels,47,12,12,0.2487158179283142,0.6292723417282104,0.16942144930362701,11587.991427199915,outputs\task2\checkpoints\upernet_swin_tiny_res384_lr0.001_bs8_weak_full_full_labels.pt,outputs\task2\histories\upernet_swin_tiny_res384_lr0.001_bs8_weak_full_full_labels.csv,outputs\task2\per_class_metrics\upernet_swin_tiny_res384_lr0.001_bs8_weak_full_full_labels.csv,outputs\task2\configs\upernet_swin_tiny_res384_lr0.001_bs8_weak_full_full_labels.json
upernet_swin_tiny_res384_lr0.001_bs8_strong_full_full_labels,completed,upernet_swin_tiny,384,0.001,8,strong,full,full_labels,47,12,12,0.11893552541732788,0.4190138578414917,0.07429013401269913,11603.73599419999,outputs\task2\checkpoints\upernet_swin_tiny_res384_lr0.001_bs8_strong_full_full_labels.pt,outputs\task2\histories\upernet_swin_tiny_res384_lr0.001_bs8_strong_full_full_labels.csv,outputs\task2\per_class_metrics\upernet_swin_tiny_res384_lr0.001_bs8_strong_full_full_labels.csv,outputs\task2\configs\upernet_swin_tiny_res384_lr0.001_bs8_strong_full_full_labels.json
upernet_swin_tiny_res384_lr0.001_bs16_weak_full_full_labels,completed,upernet_swin_tiny,384,0.001,16,weak,full,full_labels,47,12,12,0.24307242035865784,0.6150404214859009,0.16515228152275085,12403.178388600005,outputs\task2\checkpoints\upernet_swin_tiny_res384_lr0.001_bs16_weak_full_full_labels.pt,outputs\task2\histories\upernet_swin_tiny_res384_lr0.001_bs16_weak_full_full_labels.csv,outputs\task2\per_class_metrics\upernet_swin_tiny_res384_lr0.001_bs16_weak_full_full_labels.csv,outputs\task2\configs\upernet_swin_tiny_res384_lr0.001_bs16_weak_full_full_labels.json
upernet_swin_tiny_res384_lr0.001_bs16_strong_full_full_labels,completed,upernet_swin_tiny,384,0.001,16,strong,full,full_labels,47,12,12,0.21699801087379456,0.5958513617515564,0.14409272372722626,12393.30241870007,outputs\task2\checkpoints\upernet_swin_tiny_res384_lr0.001_bs16_strong_full_full_labels.pt,outputs\task2\histories\upernet_swin_tiny_res384_lr0.001_bs16_strong_full_full_labels.csv,outputs\task2\per_class_metrics\upernet_swin_tiny_res384_lr0.001_bs16_strong_full_full_labels.csv,outputs\task2\configs\upernet_swin_tiny_res384_lr0.001_bs16_strong_full_full_labels.json
upernet_swin_tiny_res384_lr0.0003_bs8_weak_full_full_labels,completed,upernet_swin_tiny,384,0.0003,8,weak,full,full_labels,47,12,12,0.33970028162002563,0.70445716381073,0.2433655709028244,11635.112982399995,outputs\task2\checkpoints\upernet_swin_tiny_res384_lr0.0003_bs8_weak_full_full_labels.pt,outputs\task2\histories\upernet_swin_tiny_res384_lr0.0003_bs8_weak_full_full_labels.csv,outputs\task2\per_class_metrics\upernet_swin_tiny_res384_lr0.0003_bs8_weak_full_full_labels.csv,outputs\task2\configs\upernet_swin_tiny_res384_lr0.0003_bs8_weak_full_full_labels.json
upernet_swin_tiny_res384_lr0.0003_bs8_strong_full_full_labels,completed,upernet_swin_tiny,384,0.0003,8,strong,full,full_labels,47,12,10,0.30250856280326843,0.6890415549278259,0.21248842775821686,11598.10238499986,outputs\task2\checkpoints\upernet_swin_tiny_res384_lr0.0003_bs8_strong_full_full_labels.pt,outputs\task2\histories\upernet_swin_tiny_res384_lr0.0003_bs8_strong_full_full_labels.csv,outputs\task2\per_class_metrics\upernet_swin_tiny_res384_lr0.0003_bs8_strong_full_full_labels.csv,outputs\task2\configs\upernet_swin_tiny_res384_lr0.0003_bs8_strong_full_full_labels.json
upernet_swin_tiny_res384_lr0.0003_bs16_weak_full_full_labels,completed,upernet_swin_tiny,384,0.0003,16,weak,full,full_labels,47,12,12,0.36251839995384216,0.7119791507720947,0.2605288326740265,12361.14378010016,outputs\task2\checkpoints\upernet_swin_tiny_res384_lr0.0003_bs16_weak_full_full_labels.pt,outputs\task2\histories\upernet_swin_tiny_res384_lr0.0003_bs16_weak_full_full_labels.csv,outputs\task2\per_class_metrics\upernet_swin_tiny_res384_lr0.0003_bs16_weak_full_full_labels.csv,outputs\task2\configs\upernet_swin_tiny_res384_lr0.0003_bs16_weak_full_full_labels.json
upernet_swin_tiny_res384_lr0.0003_bs16_strong_full_full_labels,completed,upernet_swin_tiny,384,0.0003,16,strong,full,full_labels,47,12,12,0.33994248509407043,0.6961497664451599,0.24161578714847565,12357.466675000032,outputs\task2\checkpoints\upernet_swin_tiny_res384_lr0.0003_bs16_strong_full_full_labels.pt,outputs\task2\histories\upernet_swin_tiny_res384_lr0.0003_bs16_strong_full_full_labels.csv,outputs\task2\per_class_metrics\upernet_swin_tiny_res384_lr0.0003_bs16_strong_full_full_labels.csv,outputs\task2\configs\upernet_swin_tiny_res384_lr0.0003_bs16_strong_full_full_labels.json
upernet_swin_tiny_res384_lr0.0003_bs16_weak_full_full_labels,completed,upernet_swin_tiny,384,0.0003,16,weak,full,full_labels,47,12,12,0.3642284572124481,0.7305140495300293,0.2614922821521759,12353.363988,outputs\task2\checkpoints\upernet_swin_tiny_res384_lr0.0003_bs16_weak_full_full_labels.pt,outputs\task2\histories\upernet_swin_tiny_res384_lr0.0003_bs16_weak_full_full_labels.csv,outputs\task2\per_class_metrics\upernet_swin_tiny_res384_lr0.0003_bs16_weak_full_full_labels.csv,outputs\task2\configs\upernet_swin_tiny_res384_lr0.0003_bs16_weak_full_full_labels.json
