split,image_id,stem,image_name,image_path,mask_path,height,width,image_suffix
train,38187,0004467156e47b0eb6de4aa6479cbd15,0004467156e47b0eb6de4aa6479cbd15.jpg,C:\Users\Daniel\Documents\Masters\S2\OR\Fashion_Segmentation\data\train\0004467156e47b0eb6de4aa6479cbd15.jpg,C:\Users\Daniel\Documents\Masters\S2\OR\Fashion_Segmentation\data\segmentations_train\0004467156e47b0eb6de4aa6479cbd15_seg.png,1024,682,.jpg
train,566,01c0f619e549bfe9657b357c27ab5961,01c0f619e549bfe9657b357c27ab5961.jpg,C:\Users\Daniel\Documents\Masters\S2\OR\Fashion_Segmentation\data\train\01c0f619e549bfe9657b357c27ab5961.jpg,C:\Users\Daniel\Documents\Masters\S2\OR\Fashion_Segmentation\data\segmentations_train\01c0f619e549bfe9657b357c27ab5961_seg.png,1024,683,.jpg
train,22655,02389d8de4ec5f040c639282732b53a1,02389d8de4ec5f040c639282732b53a1.jpg,C:\Users\Daniel\Documents\Masters\S2\OR\Fashion_Segmentation\data\train\02389d8de4ec5f040c639282732b53a1.jpg,C:\Users\Daniel\Documents\Masters\S2\OR\Fashion_Segmentation\data\segmentations_train\02389d8de4ec5f040c639282732b53a1_seg.png,1024,1024,.jpg
train,8420,05001387d1a6863f969b1ddacacceffc,05001387d1a6863f969b1ddacacceffc.jpg,C:\Users\Daniel\Documents\Masters\S2\OR\Fashion_Segmentation\data\train\05001387d1a6863f969b1ddacacceffc.jpg,C:\Users\Daniel\Documents\Masters\S2\OR\Fashion_Segmentation\data\segmentations_train\05001387d1a6863f969b1ddacacceffc_seg.png,1024,632,.jpg
train,7172,0591284f15a0b5daeb767a7da62ea38f,0591284f15a0b5daeb767a7da62ea38f.jpg,C:\Users\Daniel\Documents\Masters\S2\OR\Fashion_Segmentation\data\train\0591284f15a0b5daeb767a7da62ea38f.jpg,C:\Users\Daniel\Documents\Masters\S2\OR\Fashion_Segmentation\data\segmentations_train\0591284f15a0b5daeb767a7da62ea38f_seg.png,1024,681,.jpg
train,3944,0695534e5d13d957f76e89c68f2cc309,0695534e5d13d957f76e89c68f2cc309.jpg,C:\Users\Daniel\Documents\Masters\S2\OR\Fashion_Segmentation\data\train\0695534e5d13d957f76e89c68f2cc309.jpg,C:\Users\Daniel\Documents\Masters\S2\OR\Fashion_Segmentation\data\segmentations_train\0695534e5d13d957f76e89c68f2cc309_seg.png,682,1024,.jpg
train,25554,06cf4f29084d3c4e7227b4da026c9b98,06cf4f29084d3c4e7227b4da026c9b98.jpg,C:\Users\Daniel\Documents\Masters\S2\OR\Fashion_Segmentation\data\train\06cf4f29084d3c4e7227b4da026c9b98.jpg,C:\Users\Daniel\Documents\Masters\S2\OR\Fashion_Segmentation\data\segmentations_train\06cf4f29084d3c4e7227b4da026c9b98_seg.png,1024,1024,.jpg
train,31032,08519631372994126a1ecb40c0680755,08519631372994126a1ecb40c0680755.jpg,C:\Users\Daniel\Documents\Masters\S2\OR\Fashion_Segmentation\data\train\08519631372994126a1ecb40c0680755.jpg,C:\Users\Daniel\Documents\Masters\S2\OR\Fashion_Segmentation\data\segmentations_train\08519631372994126a1ecb40c0680755_seg.png,1024,768,.jpg
train,18439,0882c78de5a50e641bf5301c25bfca74,0882c78de5a50e641bf5301c25bfca74.jpg,C:\Users\Daniel\Documents\Masters\S2\OR\Fashion_Segmentation\data\train\0882c78de5a50e641bf5301c25bfca74.jpg,C:\Users\Daniel\Documents\Masters\S2\OR\Fashion_Segmentation\data\segmentations_train\0882c78de5a50e641bf5301c25bfca74_seg.png,1024,684,.jpg
train,44723,09567aec384535582141392e1e866f61,09567aec384535582141392e1e866f61.jpg,C:\Users\Daniel\Documents\Masters\S2\OR\Fashion_Segmentation\data\train\09567aec384535582141392e1e866f61.jpg,C:\Users\Daniel\Documents\Masters\S2\OR\Fashion_Segmentation\data\segmentations_train\09567aec384535582141392e1e866f61_seg.png,1024,1024,.jpg
train,25156,09cedff177b664cc2153d418bb01d82a,09cedff177b664cc2153d418bb01d82a.jpg,C:\Users\Daniel\Documents\Masters\S2\OR\Fashion_Segmentation\data\train\09cedff177b664cc2153d418bb01d82a.jpg,C:\Users\Daniel\Documents\Masters\S2\OR\Fashion_Segmentation\data\segmentations_train\09cedff177b664cc2153d418bb01d82a_seg.png,1024,682,.jpg
train,44468,0bd57bdbb47b9c1aa05237556b3f074e,0bd57bdbb47b9c1aa05237556b3f074e.jpg,C:\Users\Daniel\Documents\Masters\S2\OR\Fashion_Segmentation\data\train\0bd57bdbb47b9c1aa05237556b3f074e.jpg,C:\Users\Daniel\Documents\Masters\S2\OR\Fashion_Segmentation\data\segmentations_train\0bd57bdbb47b9c1aa05237556b3f074e_seg.png,1024,819,.jpg
train,24558,0c61dcbd7270f40b5d92637e61640b22,0c61dcbd7270f40b5d92637e61640b22.jpg,C:\Users\Daniel\Documents\Masters\S2\OR\Fashion_Segmentation\data\train\0c61dcbd7270f40b5d92637e61640b22.jpg,C:\Users\Daniel\Documents\Masters\S2\OR\Fashion_Segmentation\data\segmentations_train\0c61dcbd7270f40b5d92637e61640b22_seg.png,1024,683,.jpg
train,41294,0cd589251531dba6c6cf5392d9abf2bc,0cd589251531dba6c6cf5392d9abf2bc.jpg,C:\Users\Daniel\Documents\Masters\S2\OR\Fashion_Segmentation\data\train\0cd589251531dba6c6cf5392d9abf2bc.jpg,C:\Users\Daniel\Documents\Masters\S2\OR\Fashion_Segmentation\data\segmentations_train\0cd589251531dba6c6cf5392d9abf2bc_seg.png,1024,671,.jpg
train,10526,0d3d6b72efe13d8ca01bfaa5466ff420,0d3d6b72efe13d8ca01bfaa5466ff420.jpg,C:\Users\Daniel\Documents\Masters\S2\OR\Fashion_Segmentation\data\train\0d3d6b72efe13d8ca01bfaa5466ff420.jpg,C:\Users\Daniel\Documents\Masters\S2\OR\Fashion_Segmentation\data\segmentations_train\0d3d6b72efe13d8ca01bfaa5466ff420_seg.png,1024,684,.jpg
train,4017,0eb8c2ba749738e69bec07792e0df5ec,0eb8c2ba749738e69bec07792e0df5ec.jpg,C:\Users\Daniel\Documents\Masters\S2\OR\Fashion_Segmentation\data\train\0eb8c2ba749738e69bec07792e0df5ec.jpg,C:\Users\Daniel\Documents\Masters\S2\OR\Fashion_Segmentation\data\segmentations_train\0eb8c2ba749738e69bec07792e0df5ec_seg.png,1024,683,.jpg
train,26610,0f61e55b85f8afa008f06afd0f385da9,0f61e55b85f8afa008f06afd0f385da9.jpg,C:\Users\Daniel\Documents\Masters\S2\OR\Fashion_Segmentation\data\train\0f61e55b85f8afa008f06afd0f385da9.jpg,C:\Users\Daniel\Documents\Masters\S2\OR\Fashion_Segmentation\data\segmentations_train\0f61e55b85f8afa008f06afd0f385da9_seg.png,1024,853,.jpg
train,28633,112a043194d5ccc19a698ad0eef41820,112a043194d5ccc19a698ad0eef41820.jpg,C:\Users\Daniel\Documents\Masters\S2\OR\Fashion_Segmentation\data\train\112a043194d5ccc19a698ad0eef41820.jpg,C:\Users\Daniel\Documents\Masters\S2\OR\Fashion_Segmentation\data\segmentations_train\112a043194d5ccc19a698ad0eef41820_seg.png,1024,679,.jpg
train,38688,14ed5db1c0a29615d05338d858c9f2ab,14ed5db1c0a29615d05338d858c9f2ab.jpg,C:\Users\Daniel\Documents\Masters\S2\OR\Fashion_Segmentation\data\train\14ed5db1c0a29615d05338d858c9f2ab.jpg,C:\Users\Daniel\Documents\Masters\S2\OR\Fashion_Segmentation\data\segmentations_train\14ed5db1c0a29615d05338d858c9f2ab_seg.png,1024,723,.jpg
train,5925,15e0cc431d37fadd70ec08a6cdb882bf,15e0cc431d37fadd70ec08a6cdb882bf.jpg,C:\Users\Daniel\Documents\Masters\S2\OR\Fashion_Segmentation\data\train\15e0cc431d37fadd70ec08a6cdb882bf.jpg,C:\Users\Daniel\Documents\Masters\S2\OR\Fashion_Segmentation\data\segmentations_train\15e0cc431d37fadd70ec08a6cdb882bf_seg.png,1024,683,.jpg
train,32670,164cbb2c7fb28621977f6592d3a6de5f,164cbb2c7fb28621977f6592d3a6de5f.jpg,C:\Users\Daniel\Documents\Masters\S2\OR\Fashion_Segmentation\data\train\164cbb2c7fb28621977f6592d3a6de5f.jpg,C:\Users\Daniel\Documents\Masters\S2\OR\Fashion_Segmentation\data\segmentations_train\164cbb2c7fb28621977f6592d3a6de5f_seg.png,1024,682,.jpg
train,44911,16844900b6637a6577628975a713612e,16844900b6637a6577628975a713612e.jpg,C:\Users\Daniel\Documents\Masters\S2\OR\Fashion_Segmentation\data\train\16844900b6637a6577628975a713612e.jpg,C:\Users\Daniel\Documents\Masters\S2\OR\Fashion_Segmentation\data\segmentations_train\16844900b6637a6577628975a713612e_seg.png,850,1024,.jpg
train,31495,1b3b483d8481af553b89b7ccd7129696,1b3b483d8481af553b89b7ccd7129696.jpg,C:\Users\Daniel\Documents\Masters\S2\OR\Fashion_Segmentation\data\train\1b3b483d8481af553b89b7ccd7129696.jpg,C:\Users\Daniel\Documents\Masters\S2\OR\Fashion_Segmentation\data\segmentations_train\1b3b483d8481af553b89b7ccd7129696_seg.png,1024,682,.jpg
train,29224,1c292f6ee95e02fc108e259872a9fa5e,1c292f6ee95e02fc108e259872a9fa5e.jpg,C:\Users\Daniel\Documents\Masters\S2\OR\Fashion_Segmentation\data\train\1c292f6ee95e02fc108e259872a9fa5e.jpg,C:\Users\Daniel\Documents\Masters\S2\OR\Fashion_Segmentation\data\segmentations_train\1c292f6ee95e02fc108e259872a9fa5e_seg.png,1024,533,.jpg
train,32623,1c850d1433a423ca1c57df1c6e409d70,1c850d1433a423ca1c57df1c6e409d70.jpg,C:\Users\Daniel\Documents\Masters\S2\OR\Fashion_Segmentation\data\train\1c850d1433a423ca1c57df1c6e409d70.jpg,C:\Users\Daniel\Documents\Masters\S2\OR\Fashion_Segmentation\data\segmentations_train\1c850d1433a423ca1c57df1c6e409d70_seg.png,1024,767,.jpg
train,25083,1ed39979d2c0073fa9dd5453383adaaa,1ed39979d2c0073fa9dd5453383adaaa.jpg,C:\Users\Daniel\Documents\Masters\S2\OR\Fashion_Segmentation\data\train\1ed39979d2c0073fa9dd5453383adaaa.jpg,C:\Users\Daniel\Documents\Masters\S2\OR\Fashion_Segmentation\data\segmentations_train\1ed39979d2c0073fa9dd5453383adaaa_seg.png,1024,682,.jpg
train,17530,1f541702d149c9b75d8a4e250d105799,1f541702d149c9b75d8a4e250d105799.jpg,C:\Users\Daniel\Documents\Masters\S2\OR\Fashion_Segmentation\data\train\1f541702d149c9b75d8a4e250d105799.jpg,C:\Users\Daniel\Documents\Masters\S2\OR\Fashion_Segmentation\data\segmentations_train\1f541702d149c9b75d8a4e250d105799_seg.png,1024,633,.jpg
train,31781,20c3ae7efbc5c1a7a2dcd88e5792e023,20c3ae7efbc5c1a7a2dcd88e5792e023.jpg,C:\Users\Daniel\Documents\Masters\S2\OR\Fashion_Segmentation\data\train\20c3ae7efbc5c1a7a2dcd88e5792e023.jpg,C:\Users\Daniel\Documents\Masters\S2\OR\Fashion_Segmentation\data\segmentations_train\20c3ae7efbc5c1a7a2dcd88e5792e023_seg.png,1024,682,.jpg
train,45409,239e3d7e4009443e78952163b0ee33ae,239e3d7e4009443e78952163b0ee33ae.jpg,C:\Users\Daniel\Documents\Masters\S2\OR\Fashion_Segmentation\data\train\239e3d7e4009443e78952163b0ee33ae.jpg,C:\Users\Daniel\Documents\Masters\S2\OR\Fashion_Segmentation\data\segmentations_train\239e3d7e4009443e78952163b0ee33ae_seg.png,1024,682,.jpg
train,21339,24c4f28a6bb00a1bdea1ac01ed397903,24c4f28a6bb00a1bdea1ac01ed397903.jpg,C:\Users\Daniel\Documents\Masters\S2\OR\Fashion_Segmentation\data\train\24c4f28a6bb00a1bdea1ac01ed397903.jpg,C:\Users\Daniel\Documents\Masters\S2\OR\Fashion_Segmentation\data\segmentations_train\24c4f28a6bb00a1bdea1ac01ed397903_seg.png,1024,681,.jpg
train,38809,266374673b3a4776427956c78f1cb413,266374673b3a4776427956c78f1cb413.jpg,C:\Users\Daniel\Documents\Masters\S2\OR\Fashion_Segmentation\data\train\266374673b3a4776427956c78f1cb413.jpg,C:\Users\Daniel\Documents\Masters\S2\OR\Fashion_Segmentation\data\segmentations_train\266374673b3a4776427956c78f1cb413_seg.png,1024,682,.jpg
train,22257,26dfe6abf9f8c2556ccf18ec8b4b1afc,26dfe6abf9f8c2556ccf18ec8b4b1afc.jpg,C:\Users\Daniel\Documents\Masters\S2\OR\Fashion_Segmentation\data\train\26dfe6abf9f8c2556ccf18ec8b4b1afc.jpg,C:\Users\Daniel\Documents\Masters\S2\OR\Fashion_Segmentation\data\segmentations_train\26dfe6abf9f8c2556ccf18ec8b4b1afc_seg.png,1024,605,.jpg
train,48406,2878f6c5f375bccb26976bea4ec6359e,2878f6c5f375bccb26976bea4ec6359e.jpg,C:\Users\Daniel\Documents\Masters\S2\OR\Fashion_Segmentation\data\train\2878f6c5f375bccb26976bea4ec6359e.jpg,C:\Users\Daniel\Documents\Masters\S2\OR\Fashion_Segmentation\data\segmentations_train\2878f6c5f375bccb26976bea4ec6359e_seg.png,1024,682,.jpg
train,32957,2d27702ffead85995bca5238c3582886,2d27702ffead85995bca5238c3582886.jpg,C:\Users\Daniel\Documents\Masters\S2\OR\Fashion_Segmentation\data\train\2d27702ffead85995bca5238c3582886.jpg,C:\Users\Daniel\Documents\Masters\S2\OR\Fashion_Segmentation\data\segmentations_train\2d27702ffead85995bca5238c3582886_seg.png,1024,682,.jpg
train,1114,2dbce5ef040aedacae18762816718639,2dbce5ef040aedacae18762816718639.jpg,C:\Users\Daniel\Documents\Masters\S2\OR\Fashion_Segmentation\data\train\2dbce5ef040aedacae18762816718639.jpg,C:\Users\Daniel\Documents\Masters\S2\OR\Fashion_Segmentation\data\segmentations_train\2dbce5ef040aedacae18762816718639_seg.png,1024,614,.jpg
train,49966,2df3c775c34c119919574ebd031c3bfb,2df3c775c34c119919574ebd031c3bfb.jpg,C:\Users\Daniel\Documents\Masters\S2\OR\Fashion_Segmentation\data\train\2df3c775c34c119919574ebd031c3bfb.jpg,C:\Users\Daniel\Documents\Masters\S2\OR\Fashion_Segmentation\data\segmentations_train\2df3c775c34c119919574ebd031c3bfb_seg.png,1024,851,.jpg
train,29449,2edbd09e8b0030e32ffaae365514b606,2edbd09e8b0030e32ffaae365514b606.jpg,C:\Users\Daniel\Documents\Masters\S2\OR\Fashion_Segmentation\data\train\2edbd09e8b0030e32ffaae365514b606.jpg,C:\Users\Daniel\Documents\Masters\S2\OR\Fashion_Segmentation\data\segmentations_train\2edbd09e8b0030e32ffaae365514b606_seg.png,1024,613,.jpg
train,13799,32c73bc7eb127b9ae0efbe8bded632c4,32c73bc7eb127b9ae0efbe8bded632c4.jpg,C:\Users\Daniel\Documents\Masters\S2\OR\Fashion_Segmentation\data\train\32c73bc7eb127b9ae0efbe8bded632c4.jpg,C:\Users\Daniel\Documents\Masters\S2\OR\Fashion_Segmentation\data\segmentations_train\32c73bc7eb127b9ae0efbe8bded632c4_seg.png,1024,632,.jpg
train,23689,33bfe5f09ada403fc8043594ca13a9b3,33bfe5f09ada403fc8043594ca13a9b3.jpg,C:\Users\Daniel\Documents\Masters\S2\OR\Fashion_Segmentation\data\train\33bfe5f09ada403fc8043594ca13a9b3.jpg,C:\Users\Daniel\Documents\Masters\S2\OR\Fashion_Segmentation\data\segmentations_train\33bfe5f09ada403fc8043594ca13a9b3_seg.png,1024,682,.jpg
train,505,34299a54b636d6ae659ec77f1709a5f4,34299a54b636d6ae659ec77f1709a5f4.jpg,C:\Users\Daniel\Documents\Masters\S2\OR\Fashion_Segmentation\data\train\34299a54b636d6ae659ec77f1709a5f4.jpg,C:\Users\Daniel\Documents\Masters\S2\OR\Fashion_Segmentation\data\segmentations_train\34299a54b636d6ae659ec77f1709a5f4_seg.png,1024,682,.jpg
train,50218,342f1cf340cb83e09afd062aaaa7ab12,342f1cf340cb83e09afd062aaaa7ab12.jpg,C:\Users\Daniel\Documents\Masters\S2\OR\Fashion_Segmentation\data\train\342f1cf340cb83e09afd062aaaa7ab12.jpg,C:\Users\Daniel\Documents\Masters\S2\OR\Fashion_Segmentation\data\segmentations_train\342f1cf340cb83e09afd062aaaa7ab12_seg.png,1024,524,.jpg
train,36803,35066607fb749ac3d4ee2c9e63fcc3fd,35066607fb749ac3d4ee2c9e63fcc3fd.jpg,C:\Users\Daniel\Documents\Masters\S2\OR\Fashion_Segmentation\data\train\35066607fb749ac3d4ee2c9e63fcc3fd.jpg,C:\Users\Daniel\Documents\Masters\S2\OR\Fashion_Segmentation\data\segmentations_train\35066607fb749ac3d4ee2c9e63fcc3fd_seg.png,1024,682,.jpg
train,47469,3a1aa15fdd8eb3b38af008493c6327be,3a1aa15fdd8eb3b38af008493c6327be.jpg,C:\Users\Daniel\Documents\Masters\S2\OR\Fashion_Segmentation\data\train\3a1aa15fdd8eb3b38af008493c6327be.jpg,C:\Users\Daniel\Documents\Masters\S2\OR\Fashion_Segmentation\data\segmentations_train\3a1aa15fdd8eb3b38af008493c6327be_seg.png,1024,683,.jpg
train,20891,3e2ea31174428ac1b5f52482bc09b6cd,3e2ea31174428ac1b5f52482bc09b6cd.jpg,C:\Users\Daniel\Documents\Masters\S2\OR\Fashion_Segmentation\data\train\3e2ea31174428ac1b5f52482bc09b6cd.jpg,C:\Users\Daniel\Documents\Masters\S2\OR\Fashion_Segmentation\data\segmentations_train\3e2ea31174428ac1b5f52482bc09b6cd_seg.png,658,1024,.jpg
train,2821,3eccc9c70ced00922ff672a31e579c46,3eccc9c70ced00922ff672a31e579c46.jpg,C:\Users\Daniel\Documents\Masters\S2\OR\Fashion_Segmentation\data\train\3eccc9c70ced00922ff672a31e579c46.jpg,C:\Users\Daniel\Documents\Masters\S2\OR\Fashion_Segmentation\data\segmentations_train\3eccc9c70ced00922ff672a31e579c46_seg.png,768,1024,.jpg
train,3384,40e6552cb32e171b77c80840dbd299c3,40e6552cb32e171b77c80840dbd299c3.jpg,C:\Users\Daniel\Documents\Masters\S2\OR\Fashion_Segmentation\data\train\40e6552cb32e171b77c80840dbd299c3.jpg,C:\Users\Daniel\Documents\Masters\S2\OR\Fashion_Segmentation\data\segmentations_train\40e6552cb32e171b77c80840dbd299c3_seg.png,1024,678,.jpg
train,26444,416ee55230c8a2848bb9f8f35172d373,416ee55230c8a2848bb9f8f35172d373.jpg,C:\Users\Daniel\Documents\Masters\S2\OR\Fashion_Segmentation\data\train\416ee55230c8a2848bb9f8f35172d373.jpg,C:\Users\Daniel\Documents\Masters\S2\OR\Fashion_Segmentation\data\segmentations_train\416ee55230c8a2848bb9f8f35172d373_seg.png,1024,768,.jpg
train,43401,428580da441d9e64a267c9f377d9d6aa,428580da441d9e64a267c9f377d9d6aa.jpg,C:\Users\Daniel\Documents\Masters\S2\OR\Fashion_Segmentation\data\train\428580da441d9e64a267c9f377d9d6aa.jpg,C:\Users\Daniel\Documents\Masters\S2\OR\Fashion_Segmentation\data\segmentations_train\428580da441d9e64a267c9f377d9d6aa_seg.png,1024,1024,.jpg
train,413,4313869d49cb921045c759139039f920,4313869d49cb921045c759139039f920.jpg,C:\Users\Daniel\Documents\Masters\S2\OR\Fashion_Segmentation\data\train\4313869d49cb921045c759139039f920.jpg,C:\Users\Daniel\Documents\Masters\S2\OR\Fashion_Segmentation\data\segmentations_train\4313869d49cb921045c759139039f920_seg.png,1024,685,.jpg
train,26395,436ce286b9520cec054f77284c3549b9,436ce286b9520cec054f77284c3549b9.jpg,C:\Users\Daniel\Documents\Masters\S2\OR\Fashion_Segmentation\data\train\436ce286b9520cec054f77284c3549b9.jpg,C:\Users\Daniel\Documents\Masters\S2\OR\Fashion_Segmentation\data\segmentations_train\436ce286b9520cec054f77284c3549b9_seg.png,1024,767,.jpg
train,38000,440f809f88e6812069c9a5b313a02786,440f809f88e6812069c9a5b313a02786.jpg,C:\Users\Daniel\Documents\Masters\S2\OR\Fashion_Segmentation\data\train\440f809f88e6812069c9a5b313a02786.jpg,C:\Users\Daniel\Documents\Masters\S2\OR\Fashion_Segmentation\data\segmentations_train\440f809f88e6812069c9a5b313a02786_seg.png,1024,682,.jpg
train,2611,444b3fc253bb029376fcad7e994fedbe,444b3fc253bb029376fcad7e994fedbe.jpg,C:\Users\Daniel\Documents\Masters\S2\OR\Fashion_Segmentation\data\train\444b3fc253bb029376fcad7e994fedbe.jpg,C:\Users\Daniel\Documents\Masters\S2\OR\Fashion_Segmentation\data\segmentations_train\444b3fc253bb029376fcad7e994fedbe_seg.png,1024,633,.jpg
train,28245,44d3f14df54eb67273d2182a4e2549f8,44d3f14df54eb67273d2182a4e2549f8.jpg,C:\Users\Daniel\Documents\Masters\S2\OR\Fashion_Segmentation\data\train\44d3f14df54eb67273d2182a4e2549f8.jpg,C:\Users\Daniel\Documents\Masters\S2\OR\Fashion_Segmentation\data\segmentations_train\44d3f14df54eb67273d2182a4e2549f8_seg.png,1024,768,.jpg
train,46966,45193baf0cd4d22206432b567358d352,45193baf0cd4d22206432b567358d352.jpg,C:\Users\Daniel\Documents\Masters\S2\OR\Fashion_Segmentation\data\train\45193baf0cd4d22206432b567358d352.jpg,C:\Users\Daniel\Documents\Masters\S2\OR\Fashion_Segmentation\data\segmentations_train\45193baf0cd4d22206432b567358d352_seg.png,1024,767,.jpg
train,26727,45432bc4c9be0293d5d53a92b5e353bc,45432bc4c9be0293d5d53a92b5e353bc.jpg,C:\Users\Daniel\Documents\Masters\S2\OR\Fashion_Segmentation\data\train\45432bc4c9be0293d5d53a92b5e353bc.jpg,C:\Users\Daniel\Documents\Masters\S2\OR\Fashion_Segmentation\data\segmentations_train\45432bc4c9be0293d5d53a92b5e353bc_seg.png,1024,768,.jpg
train,38716,457a4e56f15010c832f29d221f2f5e46,457a4e56f15010c832f29d221f2f5e46.jpg,C:\Users\Daniel\Documents\Masters\S2\OR\Fashion_Segmentation\data\train\457a4e56f15010c832f29d221f2f5e46.jpg,C:\Users\Daniel\Documents\Masters\S2\OR\Fashion_Segmentation\data\segmentations_train\457a4e56f15010c832f29d221f2f5e46_seg.png,1024,683,.jpg
train,4149,45ddc752ad996d118029bfc851534e5c,45ddc752ad996d118029bfc851534e5c.jpg,C:\Users\Daniel\Documents\Masters\S2\OR\Fashion_Segmentation\data\train\45ddc752ad996d118029bfc851534e5c.jpg,C:\Users\Daniel\Documents\Masters\S2\OR\Fashion_Segmentation\data\segmentations_train\45ddc752ad996d118029bfc851534e5c_seg.png,1024,682,.jpg
train,20967,49dffe250f28306b4abba95eb4219992,49dffe250f28306b4abba95eb4219992.jpg,C:\Users\Daniel\Documents\Masters\S2\OR\Fashion_Segmentation\data\train\49dffe250f28306b4abba95eb4219992.jpg,C:\Users\Daniel\Documents\Masters\S2\OR\Fashion_Segmentation\data\segmentations_train\49dffe250f28306b4abba95eb4219992_seg.png,1024,553,.jpg
train,24897,4ad72626cbdeadc351bae7e511599d39,4ad72626cbdeadc351bae7e511599d39.jpg,C:\Users\Daniel\Documents\Masters\S2\OR\Fashion_Segmentation\data\train\4ad72626cbdeadc351bae7e511599d39.jpg,C:\Users\Daniel\Documents\Masters\S2\OR\Fashion_Segmentation\data\segmentations_train\4ad72626cbdeadc351bae7e511599d39_seg.png,1024,680,.jpg
train,6110,4e79d689991ba2c42d2623970f9a84f1,4e79d689991ba2c42d2623970f9a84f1.jpg,C:\Users\Daniel\Documents\Masters\S2\OR\Fashion_Segmentation\data\train\4e79d689991ba2c42d2623970f9a84f1.jpg,C:\Users\Daniel\Documents\Masters\S2\OR\Fashion_Segmentation\data\segmentations_train\4e79d689991ba2c42d2623970f9a84f1_seg.png,1024,682,.jpg
train,10651,4fad1cb1ef324e801b7bd405add754e0,4fad1cb1ef324e801b7bd405add754e0.jpg,C:\Users\Daniel\Documents\Masters\S2\OR\Fashion_Segmentation\data\train\4fad1cb1ef324e801b7bd405add754e0.jpg,C:\Users\Daniel\Documents\Masters\S2\OR\Fashion_Segmentation\data\segmentations_train\4fad1cb1ef324e801b7bd405add754e0_seg.png,1024,743,.jpg
train,27225,5008958e2bee3827f4d48c62be8ef9f7,5008958e2bee3827f4d48c62be8ef9f7.jpg,C:\Users\Daniel\Documents\Masters\S2\OR\Fashion_Segmentation\data\train\5008958e2bee3827f4d48c62be8ef9f7.jpg,C:\Users\Daniel\Documents\Masters\S2\OR\Fashion_Segmentation\data\segmentations_train\5008958e2bee3827f4d48c62be8ef9f7_seg.png,1024,790,.jpg
train,43139,50467647d0ca6aa3a56371de09d07679,50467647d0ca6aa3a56371de09d07679.jpg,C:\Users\Daniel\Documents\Masters\S2\OR\Fashion_Segmentation\data\train\50467647d0ca6aa3a56371de09d07679.jpg,C:\Users\Daniel\Documents\Masters\S2\OR\Fashion_Segmentation\data\segmentations_train\50467647d0ca6aa3a56371de09d07679_seg.png,1024,682,.jpg
train,45471,50abf2b1ad4db667072a351fc046581e,50abf2b1ad4db667072a351fc046581e.jpg,C:\Users\Daniel\Documents\Masters\S2\OR\Fashion_Segmentation\data\train\50abf2b1ad4db667072a351fc046581e.jpg,C:\Users\Daniel\Documents\Masters\S2\OR\Fashion_Segmentation\data\segmentations_train\50abf2b1ad4db667072a351fc046581e_seg.png,1024,682,.jpg
train,23935,50e2ef3e9da8f289bfb39c86e015fba1,50e2ef3e9da8f289bfb39c86e015fba1.jpg,C:\Users\Daniel\Documents\Masters\S2\OR\Fashion_Segmentation\data\train\50e2ef3e9da8f289bfb39c86e015fba1.jpg,C:\Users\Daniel\Documents\Masters\S2\OR\Fashion_Segmentation\data\segmentations_train\50e2ef3e9da8f289bfb39c86e015fba1_seg.png,1024,682,.jpg
train,44934,52e0c916e1aeeda389debc84df7375a3,52e0c916e1aeeda389debc84df7375a3.jpg,C:\Users\Daniel\Documents\Masters\S2\OR\Fashion_Segmentation\data\train\52e0c916e1aeeda389debc84df7375a3.jpg,C:\Users\Daniel\Documents\Masters\S2\OR\Fashion_Segmentation\data\segmentations_train\52e0c916e1aeeda389debc84df7375a3_seg.png,1024,682,.jpg
train,28812,53195e7c1378bf06ab42570f50971a01,53195e7c1378bf06ab42570f50971a01.jpg,C:\Users\Daniel\Documents\Masters\S2\OR\Fashion_Segmentation\data\train\53195e7c1378bf06ab42570f50971a01.jpg,C:\Users\Daniel\Documents\Masters\S2\OR\Fashion_Segmentation\data\segmentations_train\53195e7c1378bf06ab42570f50971a01_seg.png,1024,675,.jpg
train,8512,5338745e9b279d577a26793e0574be80,5338745e9b279d577a26793e0574be80.jpg,C:\Users\Daniel\Documents\Masters\S2\OR\Fashion_Segmentation\data\train\5338745e9b279d577a26793e0574be80.jpg,C:\Users\Daniel\Documents\Masters\S2\OR\Fashion_Segmentation\data\segmentations_train\5338745e9b279d577a26793e0574be80_seg.png,682,1024,.jpg
train,46939,543ebead5cf494701c458d876765d93b,543ebead5cf494701c458d876765d93b.jpg,C:\Users\Daniel\Documents\Masters\S2\OR\Fashion_Segmentation\data\train\543ebead5cf494701c458d876765d93b.jpg,C:\Users\Daniel\Documents\Masters\S2\OR\Fashion_Segmentation\data\segmentations_train\543ebead5cf494701c458d876765d93b_seg.png,1024,682,.jpg
train,12488,54883ed095af8bfadfe6114cd3fd5ce5,54883ed095af8bfadfe6114cd3fd5ce5.jpg,C:\Users\Daniel\Documents\Masters\S2\OR\Fashion_Segmentation\data\train\54883ed095af8bfadfe6114cd3fd5ce5.jpg,C:\Users\Daniel\Documents\Masters\S2\OR\Fashion_Segmentation\data\segmentations_train\54883ed095af8bfadfe6114cd3fd5ce5_seg.png,656,1024,.jpg
train,23834,54958db5e0bc17b8474bc70445014d52,54958db5e0bc17b8474bc70445014d52.jpg,C:\Users\Daniel\Documents\Masters\S2\OR\Fashion_Segmentation\data\train\54958db5e0bc17b8474bc70445014d52.jpg,C:\Users\Daniel\Documents\Masters\S2\OR\Fashion_Segmentation\data\segmentations_train\54958db5e0bc17b8474bc70445014d52_seg.png,1024,739,.jpg
train,17292,54b0a3384849bf74adb5bfcabc237cf4,54b0a3384849bf74adb5bfcabc237cf4.jpg,C:\Users\Daniel\Documents\Masters\S2\OR\Fashion_Segmentation\data\train\54b0a3384849bf74adb5bfcabc237cf4.jpg,C:\Users\Daniel\Documents\Masters\S2\OR\Fashion_Segmentation\data\segmentations_train\54b0a3384849bf74adb5bfcabc237cf4_seg.png,681,1024,.jpg
train,8002,54f0b87826d514f9ad949fe8a9b268b1,54f0b87826d514f9ad949fe8a9b268b1.jpg,C:\Users\Daniel\Documents\Masters\S2\OR\Fashion_Segmentation\data\train\54f0b87826d514f9ad949fe8a9b268b1.jpg,C:\Users\Daniel\Documents\Masters\S2\OR\Fashion_Segmentation\data\segmentations_train\54f0b87826d514f9ad949fe8a9b268b1_seg.png,1024,754,.jpg
train,15794,56c1aa49c990604e4d9838d1ac65fc09,56c1aa49c990604e4d9838d1ac65fc09.jpg,C:\Users\Daniel\Documents\Masters\S2\OR\Fashion_Segmentation\data\train\56c1aa49c990604e4d9838d1ac65fc09.jpg,C:\Users\Daniel\Documents\Masters\S2\OR\Fashion_Segmentation\data\segmentations_train\56c1aa49c990604e4d9838d1ac65fc09_seg.png,1024,682,.jpg
train,37642,57ad353db87ab44616a971c1019ce84d,57ad353db87ab44616a971c1019ce84d.jpg,C:\Users\Daniel\Documents\Masters\S2\OR\Fashion_Segmentation\data\train\57ad353db87ab44616a971c1019ce84d.jpg,C:\Users\Daniel\Documents\Masters\S2\OR\Fashion_Segmentation\data\segmentations_train\57ad353db87ab44616a971c1019ce84d_seg.png,1024,1024,.jpg
train,27491,5a70d25b564a0df8b71d6db8d61d1bfe,5a70d25b564a0df8b71d6db8d61d1bfe.jpg,C:\Users\Daniel\Documents\Masters\S2\OR\Fashion_Segmentation\data\train\5a70d25b564a0df8b71d6db8d61d1bfe.jpg,C:\Users\Daniel\Documents\Masters\S2\OR\Fashion_Segmentation\data\segmentations_train\5a70d25b564a0df8b71d6db8d61d1bfe_seg.png,1024,758,.jpg
train,21507,5b37fb9fedb07d9202ec032779025ac5,5b37fb9fedb07d9202ec032779025ac5.jpg,C:\Users\Daniel\Documents\Masters\S2\OR\Fashion_Segmentation\data\train\5b37fb9fedb07d9202ec032779025ac5.jpg,C:\Users\Daniel\Documents\Masters\S2\OR\Fashion_Segmentation\data\segmentations_train\5b37fb9fedb07d9202ec032779025ac5_seg.png,1024,681,.jpg
train,25796,5b70ddb1cffdda8457bdcca9afec3ebe,5b70ddb1cffdda8457bdcca9afec3ebe.jpg,C:\Users\Daniel\Documents\Masters\S2\OR\Fashion_Segmentation\data\train\5b70ddb1cffdda8457bdcca9afec3ebe.jpg,C:\Users\Daniel\Documents\Masters\S2\OR\Fashion_Segmentation\data\segmentations_train\5b70ddb1cffdda8457bdcca9afec3ebe_seg.png,1024,1024,.jpg
train,45653,5c7b0213a0d8deed44d7bc6cb41cbf73,5c7b0213a0d8deed44d7bc6cb41cbf73.jpg,C:\Users\Daniel\Documents\Masters\S2\OR\Fashion_Segmentation\data\train\5c7b0213a0d8deed44d7bc6cb41cbf73.jpg,C:\Users\Daniel\Documents\Masters\S2\OR\Fashion_Segmentation\data\segmentations_train\5c7b0213a0d8deed44d7bc6cb41cbf73_seg.png,1024,682,.jpg
train,5508,5d07b3eff2ae4a5bbbc7da1cef339aaf,5d07b3eff2ae4a5bbbc7da1cef339aaf.jpg,C:\Users\Daniel\Documents\Masters\S2\OR\Fashion_Segmentation\data\train\5d07b3eff2ae4a5bbbc7da1cef339aaf.jpg,C:\Users\Daniel\Documents\Masters\S2\OR\Fashion_Segmentation\data\segmentations_train\5d07b3eff2ae4a5bbbc7da1cef339aaf_seg.png,1024,683,.jpg
train,45414,5d62dab549299f0c9790faf48a46f9eb,5d62dab549299f0c9790faf48a46f9eb.jpg,C:\Users\Daniel\Documents\Masters\S2\OR\Fashion_Segmentation\data\train\5d62dab549299f0c9790faf48a46f9eb.jpg,C:\Users\Daniel\Documents\Masters\S2\OR\Fashion_Segmentation\data\segmentations_train\5d62dab549299f0c9790faf48a46f9eb_seg.png,1024,682,.jpg
train,7694,5ff4fe8a47338dcfa41888c5291f0501,5ff4fe8a47338dcfa41888c5291f0501.jpg,C:\Users\Daniel\Documents\Masters\S2\OR\Fashion_Segmentation\data\train\5ff4fe8a47338dcfa41888c5291f0501.jpg,C:\Users\Daniel\Documents\Masters\S2\OR\Fashion_Segmentation\data\segmentations_train\5ff4fe8a47338dcfa41888c5291f0501_seg.png,1024,682,.jpg
train,15388,609536052566348f20e40574873de289,609536052566348f20e40574873de289.jpg,C:\Users\Daniel\Documents\Masters\S2\OR\Fashion_Segmentation\data\train\609536052566348f20e40574873de289.jpg,C:\Users\Daniel\Documents\Masters\S2\OR\Fashion_Segmentation\data\segmentations_train\609536052566348f20e40574873de289_seg.png,1024,681,.jpg
train,33272,60c21f6c7a6db040ad65290cec1f0021,60c21f6c7a6db040ad65290cec1f0021.jpg,C:\Users\Daniel\Documents\Masters\S2\OR\Fashion_Segmentation\data\train\60c21f6c7a6db040ad65290cec1f0021.jpg,C:\Users\Daniel\Documents\Masters\S2\OR\Fashion_Segmentation\data\segmentations_train\60c21f6c7a6db040ad65290cec1f0021_seg.png,1024,767,.jpg
train,17602,6207dce1c87bfd715571edb20442e449,6207dce1c87bfd715571edb20442e449.jpg,C:\Users\Daniel\Documents\Masters\S2\OR\Fashion_Segmentation\data\train\6207dce1c87bfd715571edb20442e449.jpg,C:\Users\Daniel\Documents\Masters\S2\OR\Fashion_Segmentation\data\segmentations_train\6207dce1c87bfd715571edb20442e449_seg.png,620,1024,.jpg
train,32517,674fce0bd473fe3de44e1b4187a60920,674fce0bd473fe3de44e1b4187a60920.jpg,C:\Users\Daniel\Documents\Masters\S2\OR\Fashion_Segmentation\data\train\674fce0bd473fe3de44e1b4187a60920.jpg,C:\Users\Daniel\Documents\Masters\S2\OR\Fashion_Segmentation\data\segmentations_train\674fce0bd473fe3de44e1b4187a60920_seg.png,1024,682,.jpg
train,39730,6777a55ac142f16699de0bf0df4f7e6b,6777a55ac142f16699de0bf0df4f7e6b.jpg,C:\Users\Daniel\Documents\Masters\S2\OR\Fashion_Segmentation\data\train\6777a55ac142f16699de0bf0df4f7e6b.jpg,C:\Users\Daniel\Documents\Masters\S2\OR\Fashion_Segmentation\data\segmentations_train\6777a55ac142f16699de0bf0df4f7e6b_seg.png,1024,683,.jpg
train,18776,68e64b9e55c276584550cd2a3771862b,68e64b9e55c276584550cd2a3771862b.jpg,C:\Users\Daniel\Documents\Masters\S2\OR\Fashion_Segmentation\data\train\68e64b9e55c276584550cd2a3771862b.jpg,C:\Users\Daniel\Documents\Masters\S2\OR\Fashion_Segmentation\data\segmentations_train\68e64b9e55c276584550cd2a3771862b_seg.png,1024,510,.jpg
train,11232,6d815cba4ebc6b7194122e23625d1dbf,6d815cba4ebc6b7194122e23625d1dbf.jpg,C:\Users\Daniel\Documents\Masters\S2\OR\Fashion_Segmentation\data\train\6d815cba4ebc6b7194122e23625d1dbf.jpg,C:\Users\Daniel\Documents\Masters\S2\OR\Fashion_Segmentation\data\segmentations_train\6d815cba4ebc6b7194122e23625d1dbf_seg.png,1024,680,.jpg
train,46983,6e466f586db807fb5a33e8fa076ad18d,6e466f586db807fb5a33e8fa076ad18d.jpg,C:\Users\Daniel\Documents\Masters\S2\OR\Fashion_Segmentation\data\train\6e466f586db807fb5a33e8fa076ad18d.jpg,C:\Users\Daniel\Documents\Masters\S2\OR\Fashion_Segmentation\data\segmentations_train\6e466f586db807fb5a33e8fa076ad18d_seg.png,682,1024,.jpg
train,18972,7241fe9c25b2b31338984b3202c193dd,7241fe9c25b2b31338984b3202c193dd.jpg,C:\Users\Daniel\Documents\Masters\S2\OR\Fashion_Segmentation\data\train\7241fe9c25b2b31338984b3202c193dd.jpg,C:\Users\Daniel\Documents\Masters\S2\OR\Fashion_Segmentation\data\segmentations_train\7241fe9c25b2b31338984b3202c193dd_seg.png,1024,721,.jpg
train,25320,73f6cdd215d700cc6ac502b9dfbdac7d,73f6cdd215d700cc6ac502b9dfbdac7d.jpg,C:\Users\Daniel\Documents\Masters\S2\OR\Fashion_Segmentation\data\train\73f6cdd215d700cc6ac502b9dfbdac7d.jpg,C:\Users\Daniel\Documents\Masters\S2\OR\Fashion_Segmentation\data\segmentations_train\73f6cdd215d700cc6ac502b9dfbdac7d_seg.png,682,1024,.jpg
train,43699,76d130d74ef0f676773ff7b0bd0dc6e3,76d130d74ef0f676773ff7b0bd0dc6e3.jpg,C:\Users\Daniel\Documents\Masters\S2\OR\Fashion_Segmentation\data\train\76d130d74ef0f676773ff7b0bd0dc6e3.jpg,C:\Users\Daniel\Documents\Masters\S2\OR\Fashion_Segmentation\data\segmentations_train\76d130d74ef0f676773ff7b0bd0dc6e3_seg.png,1024,682,.jpg
train,2410,77093a416fddbd43f039126b02755860,77093a416fddbd43f039126b02755860.jpg,C:\Users\Daniel\Documents\Masters\S2\OR\Fashion_Segmentation\data\train\77093a416fddbd43f039126b02755860.jpg,C:\Users\Daniel\Documents\Masters\S2\OR\Fashion_Segmentation\data\segmentations_train\77093a416fddbd43f039126b02755860_seg.png,768,1024,.jpg
train,28623,787ce7711ce066fb138568cdd7851513,787ce7711ce066fb138568cdd7851513.jpg,C:\Users\Daniel\Documents\Masters\S2\OR\Fashion_Segmentation\data\train\787ce7711ce066fb138568cdd7851513.jpg,C:\Users\Daniel\Documents\Masters\S2\OR\Fashion_Segmentation\data\segmentations_train\787ce7711ce066fb138568cdd7851513_seg.png,1024,768,.jpg
train,39734,78abce4066247c09a4b830a2f3510458,78abce4066247c09a4b830a2f3510458.jpg,C:\Users\Daniel\Documents\Masters\S2\OR\Fashion_Segmentation\data\train\78abce4066247c09a4b830a2f3510458.jpg,C:\Users\Daniel\Documents\Masters\S2\OR\Fashion_Segmentation\data\segmentations_train\78abce4066247c09a4b830a2f3510458_seg.png,1024,768,.jpg
train,23993,79394488805f4cc9ba44e726de00f944,79394488805f4cc9ba44e726de00f944.jpg,C:\Users\Daniel\Documents\Masters\S2\OR\Fashion_Segmentation\data\train\79394488805f4cc9ba44e726de00f944.jpg,C:\Users\Daniel\Documents\Masters\S2\OR\Fashion_Segmentation\data\segmentations_train\79394488805f4cc9ba44e726de00f944_seg.png,1024,682,.jpg
train,42302,7991ad97a40fbe4dbfed6e5967572e0d,7991ad97a40fbe4dbfed6e5967572e0d.jpg,C:\Users\Daniel\Documents\Masters\S2\OR\Fashion_Segmentation\data\train\7991ad97a40fbe4dbfed6e5967572e0d.jpg,C:\Users\Daniel\Documents\Masters\S2\OR\Fashion_Segmentation\data\segmentations_train\7991ad97a40fbe4dbfed6e5967572e0d_seg.png,857,1024,.jpg
train,39464,7c089b19d7d5ce6c45ce336bc79ea570,7c089b19d7d5ce6c45ce336bc79ea570.jpg,C:\Users\Daniel\Documents\Masters\S2\OR\Fashion_Segmentation\data\train\7c089b19d7d5ce6c45ce336bc79ea570.jpg,C:\Users\Daniel\Documents\Masters\S2\OR\Fashion_Segmentation\data\segmentations_train\7c089b19d7d5ce6c45ce336bc79ea570_seg.png,1024,682,.jpg
train,46314,7c4103999b00fd4f47de06bd15dd8ab0,7c4103999b00fd4f47de06bd15dd8ab0.jpg,C:\Users\Daniel\Documents\Masters\S2\OR\Fashion_Segmentation\data\train\7c4103999b00fd4f47de06bd15dd8ab0.jpg,C:\Users\Daniel\Documents\Masters\S2\OR\Fashion_Segmentation\data\segmentations_train\7c4103999b00fd4f47de06bd15dd8ab0_seg.png,1024,682,.jpg
train,33584,7c47972e425f420d8fec07cbe98e0bb9,7c47972e425f420d8fec07cbe98e0bb9.jpg,C:\Users\Daniel\Documents\Masters\S2\OR\Fashion_Segmentation\data\train\7c47972e425f420d8fec07cbe98e0bb9.jpg,C:\Users\Daniel\Documents\Masters\S2\OR\Fashion_Segmentation\data\segmentations_train\7c47972e425f420d8fec07cbe98e0bb9_seg.png,1024,1024,.jpg
train,9375,7c64227beb9b2c7acbb20feb9be30b97,7c64227beb9b2c7acbb20feb9be30b97.jpg,C:\Users\Daniel\Documents\Masters\S2\OR\Fashion_Segmentation\data\train\7c64227beb9b2c7acbb20feb9be30b97.jpg,C:\Users\Daniel\Documents\Masters\S2\OR\Fashion_Segmentation\data\segmentations_train\7c64227beb9b2c7acbb20feb9be30b97_seg.png,1024,576,.jpg
train,31713,80070643f9d06d8ae92cd91318e4d515,80070643f9d06d8ae92cd91318e4d515.jpg,C:\Users\Daniel\Documents\Masters\S2\OR\Fashion_Segmentation\data\train\80070643f9d06d8ae92cd91318e4d515.jpg,C:\Users\Daniel\Documents\Masters\S2\OR\Fashion_Segmentation\data\segmentations_train\80070643f9d06d8ae92cd91318e4d515_seg.png,1024,768,.jpg
train,23024,807a8e1add5853a635d8781ebf763b69,807a8e1add5853a635d8781ebf763b69.jpg,C:\Users\Daniel\Documents\Masters\S2\OR\Fashion_Segmentation\data\train\807a8e1add5853a635d8781ebf763b69.jpg,C:\Users\Daniel\Documents\Masters\S2\OR\Fashion_Segmentation\data\segmentations_train\807a8e1add5853a635d8781ebf763b69_seg.png,1024,632,.jpg
train,36922,82a2011edda5a835159ac7fcf5958d24,82a2011edda5a835159ac7fcf5958d24.jpg,C:\Users\Daniel\Documents\Masters\S2\OR\Fashion_Segmentation\data\train\82a2011edda5a835159ac7fcf5958d24.jpg,C:\Users\Daniel\Documents\Masters\S2\OR\Fashion_Segmentation\data\segmentations_train\82a2011edda5a835159ac7fcf5958d24_seg.png,1024,640,.jpg
train,18756,830af9443c4cf4ef529b22f7e9427e25,830af9443c4cf4ef529b22f7e9427e25.jpg,C:\Users\Daniel\Documents\Masters\S2\OR\Fashion_Segmentation\data\train\830af9443c4cf4ef529b22f7e9427e25.jpg,C:\Users\Daniel\Documents\Masters\S2\OR\Fashion_Segmentation\data\segmentations_train\830af9443c4cf4ef529b22f7e9427e25_seg.png,1024,685,.jpg
train,15025,83f8c67d22d3f5d617fa4ec58b49cba4,83f8c67d22d3f5d617fa4ec58b49cba4.jpg,C:\Users\Daniel\Documents\Masters\S2\OR\Fashion_Segmentation\data\train\83f8c67d22d3f5d617fa4ec58b49cba4.jpg,C:\Users\Daniel\Documents\Masters\S2\OR\Fashion_Segmentation\data\segmentations_train\83f8c67d22d3f5d617fa4ec58b49cba4_seg.png,682,1024,.jpg
train,29488,8502af61d9a1eab86d949d8473cbf8b6,8502af61d9a1eab86d949d8473cbf8b6.jpg,C:\Users\Daniel\Documents\Masters\S2\OR\Fashion_Segmentation\data\train\8502af61d9a1eab86d949d8473cbf8b6.jpg,C:\Users\Daniel\Documents\Masters\S2\OR\Fashion_Segmentation\data\segmentations_train\8502af61d9a1eab86d949d8473cbf8b6_seg.png,1024,681,.jpg
train,11375,85f931a94599ec1efc75cba8b8319afe,85f931a94599ec1efc75cba8b8319afe.jpg,C:\Users\Daniel\Documents\Masters\S2\OR\Fashion_Segmentation\data\train\85f931a94599ec1efc75cba8b8319afe.jpg,C:\Users\Daniel\Documents\Masters\S2\OR\Fashion_Segmentation\data\segmentations_train\85f931a94599ec1efc75cba8b8319afe_seg.png,623,1024,.jpg
train,36041,86368a7b13f9bd56b5edbd1a2b31c1a5,86368a7b13f9bd56b5edbd1a2b31c1a5.jpg,C:\Users\Daniel\Documents\Masters\S2\OR\Fashion_Segmentation\data\train\86368a7b13f9bd56b5edbd1a2b31c1a5.jpg,C:\Users\Daniel\Documents\Masters\S2\OR\Fashion_Segmentation\data\segmentations_train\86368a7b13f9bd56b5edbd1a2b31c1a5_seg.png,1024,683,.jpg
train,34376,8665e44fbf0115d18dab0498abb8ff24,8665e44fbf0115d18dab0498abb8ff24.jpg,C:\Users\Daniel\Documents\Masters\S2\OR\Fashion_Segmentation\data\train\8665e44fbf0115d18dab0498abb8ff24.jpg,C:\Users\Daniel\Documents\Masters\S2\OR\Fashion_Segmentation\data\segmentations_train\8665e44fbf0115d18dab0498abb8ff24_seg.png,1024,562,.jpg
train,46899,879378496f529e3f397e16b89eff27b3,879378496f529e3f397e16b89eff27b3.jpg,C:\Users\Daniel\Documents\Masters\S2\OR\Fashion_Segmentation\data\train\879378496f529e3f397e16b89eff27b3.jpg,C:\Users\Daniel\Documents\Masters\S2\OR\Fashion_Segmentation\data\segmentations_train\879378496f529e3f397e16b89eff27b3_seg.png,1024,678,.jpg
train,22421,87cd9b02d3f56909a451b11312f92f9b,87cd9b02d3f56909a451b11312f92f9b.jpg,C:\Users\Daniel\Documents\Masters\S2\OR\Fashion_Segmentation\data\train\87cd9b02d3f56909a451b11312f92f9b.jpg,C:\Users\Daniel\Documents\Masters\S2\OR\Fashion_Segmentation\data\segmentations_train\87cd9b02d3f56909a451b11312f92f9b_seg.png,695,1024,.jpg
train,26572,884f11a593ee99854aae793409871960,884f11a593ee99854aae793409871960.jpg,C:\Users\Daniel\Documents\Masters\S2\OR\Fashion_Segmentation\data\train\884f11a593ee99854aae793409871960.jpg,C:\Users\Daniel\Documents\Masters\S2\OR\Fashion_Segmentation\data\segmentations_train\884f11a593ee99854aae793409871960_seg.png,683,1024,.jpg
train,16615,88daae154f3536931d14052ebbba915d,88daae154f3536931d14052ebbba915d.jpg,C:\Users\Daniel\Documents\Masters\S2\OR\Fashion_Segmentation\data\train\88daae154f3536931d14052ebbba915d.jpg,C:\Users\Daniel\Documents\Masters\S2\OR\Fashion_Segmentation\data\segmentations_train\88daae154f3536931d14052ebbba915d_seg.png,1024,681,.jpg
train,16319,8b2b16c0f801a0e85245bb2e46fa308c,8b2b16c0f801a0e85245bb2e46fa308c.jpg,C:\Users\Daniel\Documents\Masters\S2\OR\Fashion_Segmentation\data\train\8b2b16c0f801a0e85245bb2e46fa308c.jpg,C:\Users\Daniel\Documents\Masters\S2\OR\Fashion_Segmentation\data\segmentations_train\8b2b16c0f801a0e85245bb2e46fa308c_seg.png,1024,722,.jpg
train,36974,8b46f3d91aa6c6148fe2a3680e8888e0,8b46f3d91aa6c6148fe2a3680e8888e0.jpg,C:\Users\Daniel\Documents\Masters\S2\OR\Fashion_Segmentation\data\train\8b46f3d91aa6c6148fe2a3680e8888e0.jpg,C:\Users\Daniel\Documents\Masters\S2\OR\Fashion_Segmentation\data\segmentations_train\8b46f3d91aa6c6148fe2a3680e8888e0_seg.png,1024,1024,.jpg
train,29301,8b9571cf85735aa2a3a449c01e88abcb,8b9571cf85735aa2a3a449c01e88abcb.jpg,C:\Users\Daniel\Documents\Masters\S2\OR\Fashion_Segmentation\data\train\8b9571cf85735aa2a3a449c01e88abcb.jpg,C:\Users\Daniel\Documents\Masters\S2\OR\Fashion_Segmentation\data\segmentations_train\8b9571cf85735aa2a3a449c01e88abcb_seg.png,1024,682,.jpg
train,13137,8c4ad7ebf326cef71349578c81ad6d1f,8c4ad7ebf326cef71349578c81ad6d1f.jpg,C:\Users\Daniel\Documents\Masters\S2\OR\Fashion_Segmentation\data\train\8c4ad7ebf326cef71349578c81ad6d1f.jpg,C:\Users\Daniel\Documents\Masters\S2\OR\Fashion_Segmentation\data\segmentations_train\8c4ad7ebf326cef71349578c81ad6d1f_seg.png,1024,632,.jpg
train,1284,8ddea765e11675948a80742c94940cc4,8ddea765e11675948a80742c94940cc4.jpg,C:\Users\Daniel\Documents\Masters\S2\OR\Fashion_Segmentation\data\train\8ddea765e11675948a80742c94940cc4.jpg,C:\Users\Daniel\Documents\Masters\S2\OR\Fashion_Segmentation\data\segmentations_train\8ddea765e11675948a80742c94940cc4_seg.png,1024,682,.jpg
train,1586,8f1a5371db12b5a5185bd186d370f019,8f1a5371db12b5a5185bd186d370f019.jpg,C:\Users\Daniel\Documents\Masters\S2\OR\Fashion_Segmentation\data\train\8f1a5371db12b5a5185bd186d370f019.jpg,C:\Users\Daniel\Documents\Masters\S2\OR\Fashion_Segmentation\data\segmentations_train\8f1a5371db12b5a5185bd186d370f019_seg.png,1024,680,.jpg
train,24191,8f3c834864d3bfe8c5997d2f9843c373,8f3c834864d3bfe8c5997d2f9843c373.jpg,C:\Users\Daniel\Documents\Masters\S2\OR\Fashion_Segmentation\data\train\8f3c834864d3bfe8c5997d2f9843c373.jpg,C:\Users\Daniel\Documents\Masters\S2\OR\Fashion_Segmentation\data\segmentations_train\8f3c834864d3bfe8c5997d2f9843c373_seg.png,1024,682,.jpg
train,6668,909f4dd9d17a05b0271419cf40cc6cf0,909f4dd9d17a05b0271419cf40cc6cf0.jpg,C:\Users\Daniel\Documents\Masters\S2\OR\Fashion_Segmentation\data\train\909f4dd9d17a05b0271419cf40cc6cf0.jpg,C:\Users\Daniel\Documents\Masters\S2\OR\Fashion_Segmentation\data\segmentations_train\909f4dd9d17a05b0271419cf40cc6cf0_seg.png,1024,682,.jpg
train,15406,91b4038da1f0c25eae8e27a6db2ce392,91b4038da1f0c25eae8e27a6db2ce392.jpg,C:\Users\Daniel\Documents\Masters\S2\OR\Fashion_Segmentation\data\train\91b4038da1f0c25eae8e27a6db2ce392.jpg,C:\Users\Daniel\Documents\Masters\S2\OR\Fashion_Segmentation\data\segmentations_train\91b4038da1f0c25eae8e27a6db2ce392_seg.png,1024,683,.jpg
train,9143,924d5be9a3c3fecb20d1690d6ba29aa4,924d5be9a3c3fecb20d1690d6ba29aa4.jpg,C:\Users\Daniel\Documents\Masters\S2\OR\Fashion_Segmentation\data\train\924d5be9a3c3fecb20d1690d6ba29aa4.jpg,C:\Users\Daniel\Documents\Masters\S2\OR\Fashion_Segmentation\data\segmentations_train\924d5be9a3c3fecb20d1690d6ba29aa4_seg.png,1024,575,.jpg
train,18524,92da3f35c7a0fba0e4a73f2c23215589,92da3f35c7a0fba0e4a73f2c23215589.jpg,C:\Users\Daniel\Documents\Masters\S2\OR\Fashion_Segmentation\data\train\92da3f35c7a0fba0e4a73f2c23215589.jpg,C:\Users\Daniel\Documents\Masters\S2\OR\Fashion_Segmentation\data\segmentations_train\92da3f35c7a0fba0e4a73f2c23215589_seg.png,1024,680,.jpg
train,4511,944c3feecad343efc7787de2d4f60779,944c3feecad343efc7787de2d4f60779.jpg,C:\Users\Daniel\Documents\Masters\S2\OR\Fashion_Segmentation\data\train\944c3feecad343efc7787de2d4f60779.jpg,C:\Users\Daniel\Documents\Masters\S2\OR\Fashion_Segmentation\data\segmentations_train\944c3feecad343efc7787de2d4f60779_seg.png,680,1024,.jpg
train,14603,951d61b4963467323abd933a0d2b484a,951d61b4963467323abd933a0d2b484a.jpg,C:\Users\Daniel\Documents\Masters\S2\OR\Fashion_Segmentation\data\train\951d61b4963467323abd933a0d2b484a.jpg,C:\Users\Daniel\Documents\Masters\S2\OR\Fashion_Segmentation\data\segmentations_train\951d61b4963467323abd933a0d2b484a_seg.png,1024,505,.jpg
train,26512,97546eab2ddee762a2018a4740980121,97546eab2ddee762a2018a4740980121.jpg,C:\Users\Daniel\Documents\Masters\S2\OR\Fashion_Segmentation\data\train\97546eab2ddee762a2018a4740980121.jpg,C:\Users\Daniel\Documents\Masters\S2\OR\Fashion_Segmentation\data\segmentations_train\97546eab2ddee762a2018a4740980121_seg.png,1024,682,.jpg
train,36398,9879fd52f0fc5794047c7cf76642555f,9879fd52f0fc5794047c7cf76642555f.jpg,C:\Users\Daniel\Documents\Masters\S2\OR\Fashion_Segmentation\data\train\9879fd52f0fc5794047c7cf76642555f.jpg,C:\Users\Daniel\Documents\Masters\S2\OR\Fashion_Segmentation\data\segmentations_train\9879fd52f0fc5794047c7cf76642555f_seg.png,1024,682,.jpg
train,29424,98c25815c2477fe6c9489558dc3c3275,98c25815c2477fe6c9489558dc3c3275.jpg,C:\Users\Daniel\Documents\Masters\S2\OR\Fashion_Segmentation\data\train\98c25815c2477fe6c9489558dc3c3275.jpg,C:\Users\Daniel\Documents\Masters\S2\OR\Fashion_Segmentation\data\segmentations_train\98c25815c2477fe6c9489558dc3c3275_seg.png,1024,683,.jpg
train,32598,9971a44198c61ee99c96f84ee0366b1f,9971a44198c61ee99c96f84ee0366b1f.jpg,C:\Users\Daniel\Documents\Masters\S2\OR\Fashion_Segmentation\data\train\9971a44198c61ee99c96f84ee0366b1f.jpg,C:\Users\Daniel\Documents\Masters\S2\OR\Fashion_Segmentation\data\segmentations_train\9971a44198c61ee99c96f84ee0366b1f_seg.png,1024,685,.jpg
train,44159,a1ab45cde8311ad0670995350b956389,a1ab45cde8311ad0670995350b956389.jpg,C:\Users\Daniel\Documents\Masters\S2\OR\Fashion_Segmentation\data\train\a1ab45cde8311ad0670995350b956389.jpg,C:\Users\Daniel\Documents\Masters\S2\OR\Fashion_Segmentation\data\segmentations_train\a1ab45cde8311ad0670995350b956389_seg.png,1024,1024,.jpg
train,31052,a491155c3a553535a980b813a4114e1b,a491155c3a553535a980b813a4114e1b.jpg,C:\Users\Daniel\Documents\Masters\S2\OR\Fashion_Segmentation\data\train\a491155c3a553535a980b813a4114e1b.jpg,C:\Users\Daniel\Documents\Masters\S2\OR\Fashion_Segmentation\data\segmentations_train\a491155c3a553535a980b813a4114e1b_seg.png,1024,682,.jpg
train,2223,a4d5823fa0388afdcdd09e17d808edbc,a4d5823fa0388afdcdd09e17d808edbc.jpg,C:\Users\Daniel\Documents\Masters\S2\OR\Fashion_Segmentation\data\train\a4d5823fa0388afdcdd09e17d808edbc.jpg,C:\Users\Daniel\Documents\Masters\S2\OR\Fashion_Segmentation\data\segmentations_train\a4d5823fa0388afdcdd09e17d808edbc_seg.png,1024,680,.jpg
train,4203,a70a4f16b53838a7dfba4565b95c3226,a70a4f16b53838a7dfba4565b95c3226.jpg,C:\Users\Daniel\Documents\Masters\S2\OR\Fashion_Segmentation\data\train\a70a4f16b53838a7dfba4565b95c3226.jpg,C:\Users\Daniel\Documents\Masters\S2\OR\Fashion_Segmentation\data\segmentations_train\a70a4f16b53838a7dfba4565b95c3226_seg.png,1024,682,.jpg
train,42531,acfa15ec25d2dffaef6d113206097386,acfa15ec25d2dffaef6d113206097386.jpg,C:\Users\Daniel\Documents\Masters\S2\OR\Fashion_Segmentation\data\train\acfa15ec25d2dffaef6d113206097386.jpg,C:\Users\Daniel\Documents\Masters\S2\OR\Fashion_Segmentation\data\segmentations_train\acfa15ec25d2dffaef6d113206097386_seg.png,1024,767,.jpg
train,48200,adb0633c4e02ba17fc203d795dbc9bb2,adb0633c4e02ba17fc203d795dbc9bb2.jpg,C:\Users\Daniel\Documents\Masters\S2\OR\Fashion_Segmentation\data\train\adb0633c4e02ba17fc203d795dbc9bb2.jpg,C:\Users\Daniel\Documents\Masters\S2\OR\Fashion_Segmentation\data\segmentations_train\adb0633c4e02ba17fc203d795dbc9bb2_seg.png,1024,682,.jpg
train,44495,aecf787eca3cf6549aaeca5c0003808d,aecf787eca3cf6549aaeca5c0003808d.jpg,C:\Users\Daniel\Documents\Masters\S2\OR\Fashion_Segmentation\data\train\aecf787eca3cf6549aaeca5c0003808d.jpg,C:\Users\Daniel\Documents\Masters\S2\OR\Fashion_Segmentation\data\segmentations_train\aecf787eca3cf6549aaeca5c0003808d_seg.png,1024,1015,.jpg
train,37935,b014a300395188e9244ac6b17af5121b,b014a300395188e9244ac6b17af5121b.jpg,C:\Users\Daniel\Documents\Masters\S2\OR\Fashion_Segmentation\data\train\b014a300395188e9244ac6b17af5121b.jpg,C:\Users\Daniel\Documents\Masters\S2\OR\Fashion_Segmentation\data\segmentations_train\b014a300395188e9244ac6b17af5121b_seg.png,1024,1024,.jpg
train,18026,b0ad00f1c86d1fb91a10a070f347a734,b0ad00f1c86d1fb91a10a070f347a734.jpg,C:\Users\Daniel\Documents\Masters\S2\OR\Fashion_Segmentation\data\train\b0ad00f1c86d1fb91a10a070f347a734.jpg,C:\Users\Daniel\Documents\Masters\S2\OR\Fashion_Segmentation\data\segmentations_train\b0ad00f1c86d1fb91a10a070f347a734_seg.png,1024,680,.jpg
train,45097,b176768538449df5ed04ad57ffa81174,b176768538449df5ed04ad57ffa81174.jpg,C:\Users\Daniel\Documents\Masters\S2\OR\Fashion_Segmentation\data\train\b176768538449df5ed04ad57ffa81174.jpg,C:\Users\Daniel\Documents\Masters\S2\OR\Fashion_Segmentation\data\segmentations_train\b176768538449df5ed04ad57ffa81174_seg.png,1024,682,.jpg
train,45656,b187c1d7e6b34559a6370f7ffd58606f,b187c1d7e6b34559a6370f7ffd58606f.jpg,C:\Users\Daniel\Documents\Masters\S2\OR\Fashion_Segmentation\data\train\b187c1d7e6b34559a6370f7ffd58606f.jpg,C:\Users\Daniel\Documents\Masters\S2\OR\Fashion_Segmentation\data\segmentations_train\b187c1d7e6b34559a6370f7ffd58606f_seg.png,1024,1024,.jpg
train,22445,b2300358fac55af5f0f7682db6e715b7,b2300358fac55af5f0f7682db6e715b7.jpg,C:\Users\Daniel\Documents\Masters\S2\OR\Fashion_Segmentation\data\train\b2300358fac55af5f0f7682db6e715b7.jpg,C:\Users\Daniel\Documents\Masters\S2\OR\Fashion_Segmentation\data\segmentations_train\b2300358fac55af5f0f7682db6e715b7_seg.png,1024,682,.jpg
train,30464,b2612a4483a5352ee23e1c0bbba3e78d,b2612a4483a5352ee23e1c0bbba3e78d.jpg,C:\Users\Daniel\Documents\Masters\S2\OR\Fashion_Segmentation\data\train\b2612a4483a5352ee23e1c0bbba3e78d.jpg,C:\Users\Daniel\Documents\Masters\S2\OR\Fashion_Segmentation\data\segmentations_train\b2612a4483a5352ee23e1c0bbba3e78d_seg.png,1024,682,.jpg
train,4738,b9a5a10aa13184e55d2a373bbae597d4,b9a5a10aa13184e55d2a373bbae597d4.jpg,C:\Users\Daniel\Documents\Masters\S2\OR\Fashion_Segmentation\data\train\b9a5a10aa13184e55d2a373bbae597d4.jpg,C:\Users\Daniel\Documents\Masters\S2\OR\Fashion_Segmentation\data\segmentations_train\b9a5a10aa13184e55d2a373bbae597d4_seg.png,1024,682,.jpg
train,14585,b9c9748d5efbb56dea566dc55bb20daf,b9c9748d5efbb56dea566dc55bb20daf.jpg,C:\Users\Daniel\Documents\Masters\S2\OR\Fashion_Segmentation\data\train\b9c9748d5efbb56dea566dc55bb20daf.jpg,C:\Users\Daniel\Documents\Masters\S2\OR\Fashion_Segmentation\data\segmentations_train\b9c9748d5efbb56dea566dc55bb20daf_seg.png,1024,683,.jpg
train,6041,bb1842233639ab519bc8108e771ae857,bb1842233639ab519bc8108e771ae857.jpg,C:\Users\Daniel\Documents\Masters\S2\OR\Fashion_Segmentation\data\train\bb1842233639ab519bc8108e771ae857.jpg,C:\Users\Daniel\Documents\Masters\S2\OR\Fashion_Segmentation\data\segmentations_train\bb1842233639ab519bc8108e771ae857_seg.png,1024,682,.jpg
train,21361,bd303772faa6fdd42f9d39613d919435,bd303772faa6fdd42f9d39613d919435.jpg,C:\Users\Daniel\Documents\Masters\S2\OR\Fashion_Segmentation\data\train\bd303772faa6fdd42f9d39613d919435.jpg,C:\Users\Daniel\Documents\Masters\S2\OR\Fashion_Segmentation\data\segmentations_train\bd303772faa6fdd42f9d39613d919435_seg.png,1024,683,.jpg
train,49391,be98e2b1c25bef9391a1eac2b46cd7af,be98e2b1c25bef9391a1eac2b46cd7af.jpg,C:\Users\Daniel\Documents\Masters\S2\OR\Fashion_Segmentation\data\train\be98e2b1c25bef9391a1eac2b46cd7af.jpg,C:\Users\Daniel\Documents\Masters\S2\OR\Fashion_Segmentation\data\segmentations_train\be98e2b1c25bef9391a1eac2b46cd7af_seg.png,1024,682,.jpg
train,43360,bf24a1a67838a5ff026d012523e68b6d,bf24a1a67838a5ff026d012523e68b6d.jpg,C:\Users\Daniel\Documents\Masters\S2\OR\Fashion_Segmentation\data\train\bf24a1a67838a5ff026d012523e68b6d.jpg,C:\Users\Daniel\Documents\Masters\S2\OR\Fashion_Segmentation\data\segmentations_train\bf24a1a67838a5ff026d012523e68b6d_seg.png,1024,731,.jpg
train,42484,c2705970c25e92be8db5d979258b3b4a,c2705970c25e92be8db5d979258b3b4a.jpg,C:\Users\Daniel\Documents\Masters\S2\OR\Fashion_Segmentation\data\train\c2705970c25e92be8db5d979258b3b4a.jpg,C:\Users\Daniel\Documents\Masters\S2\OR\Fashion_Segmentation\data\segmentations_train\c2705970c25e92be8db5d979258b3b4a_seg.png,1024,638,.jpg
train,11801,c35e1b2491d7c4da58c7387e74a54da4,c35e1b2491d7c4da58c7387e74a54da4.jpg,C:\Users\Daniel\Documents\Masters\S2\OR\Fashion_Segmentation\data\train\c35e1b2491d7c4da58c7387e74a54da4.jpg,C:\Users\Daniel\Documents\Masters\S2\OR\Fashion_Segmentation\data\segmentations_train\c35e1b2491d7c4da58c7387e74a54da4_seg.png,1024,680,.jpg
train,46479,c437a8aa05f5bd28482ec51187d14bad,c437a8aa05f5bd28482ec51187d14bad.jpg,C:\Users\Daniel\Documents\Masters\S2\OR\Fashion_Segmentation\data\train\c437a8aa05f5bd28482ec51187d14bad.jpg,C:\Users\Daniel\Documents\Masters\S2\OR\Fashion_Segmentation\data\segmentations_train\c437a8aa05f5bd28482ec51187d14bad_seg.png,1024,842,.jpg
train,33530,c45b3c5b7de1effb09a9c80fe5c5bd6f,c45b3c5b7de1effb09a9c80fe5c5bd6f.jpg,C:\Users\Daniel\Documents\Masters\S2\OR\Fashion_Segmentation\data\train\c45b3c5b7de1effb09a9c80fe5c5bd6f.jpg,C:\Users\Daniel\Documents\Masters\S2\OR\Fashion_Segmentation\data\segmentations_train\c45b3c5b7de1effb09a9c80fe5c5bd6f_seg.png,1024,682,.jpg
train,18860,c6528a5f2754196d033d2cac405369da,c6528a5f2754196d033d2cac405369da.jpg,C:\Users\Daniel\Documents\Masters\S2\OR\Fashion_Segmentation\data\train\c6528a5f2754196d033d2cac405369da.jpg,C:\Users\Daniel\Documents\Masters\S2\OR\Fashion_Segmentation\data\segmentations_train\c6528a5f2754196d033d2cac405369da_seg.png,682,1024,.jpg
train,30301,c91c49c14975acbd0220bfc65cd5ee68,c91c49c14975acbd0220bfc65cd5ee68.jpg,C:\Users\Daniel\Documents\Masters\S2\OR\Fashion_Segmentation\data\train\c91c49c14975acbd0220bfc65cd5ee68.jpg,C:\Users\Daniel\Documents\Masters\S2\OR\Fashion_Segmentation\data\segmentations_train\c91c49c14975acbd0220bfc65cd5ee68_seg.png,1024,1024,.jpg
train,23948,cbb5a623ec02e473ccb14139f56dd64b,cbb5a623ec02e473ccb14139f56dd64b.jpg,C:\Users\Daniel\Documents\Masters\S2\OR\Fashion_Segmentation\data\train\cbb5a623ec02e473ccb14139f56dd64b.jpg,C:\Users\Daniel\Documents\Masters\S2\OR\Fashion_Segmentation\data\segmentations_train\cbb5a623ec02e473ccb14139f56dd64b_seg.png,1024,1024,.jpg
train,24923,cc1d3d8159cb0f807ff4ad14579b2684,cc1d3d8159cb0f807ff4ad14579b2684.jpg,C:\Users\Daniel\Documents\Masters\S2\OR\Fashion_Segmentation\data\train\cc1d3d8159cb0f807ff4ad14579b2684.jpg,C:\Users\Daniel\Documents\Masters\S2\OR\Fashion_Segmentation\data\segmentations_train\cc1d3d8159cb0f807ff4ad14579b2684_seg.png,1024,682,.jpg
train,8739,cc464eb8c2a1594295e46204b4ea40db,cc464eb8c2a1594295e46204b4ea40db.jpg,C:\Users\Daniel\Documents\Masters\S2\OR\Fashion_Segmentation\data\train\cc464eb8c2a1594295e46204b4ea40db.jpg,C:\Users\Daniel\Documents\Masters\S2\OR\Fashion_Segmentation\data\segmentations_train\cc464eb8c2a1594295e46204b4ea40db_seg.png,1024,683,.jpg
train,45406,cd28f1eefb074613218b41b63759e721,cd28f1eefb074613218b41b63759e721.jpg,C:\Users\Daniel\Documents\Masters\S2\OR\Fashion_Segmentation\data\train\cd28f1eefb074613218b41b63759e721.jpg,C:\Users\Daniel\Documents\Masters\S2\OR\Fashion_Segmentation\data\segmentations_train\cd28f1eefb074613218b41b63759e721_seg.png,1024,682,.jpg
train,8589,cde91125a5cdaeed535a9ebbbd3632dd,cde91125a5cdaeed535a9ebbbd3632dd.jpg,C:\Users\Daniel\Documents\Masters\S2\OR\Fashion_Segmentation\data\train\cde91125a5cdaeed535a9ebbbd3632dd.jpg,C:\Users\Daniel\Documents\Masters\S2\OR\Fashion_Segmentation\data\segmentations_train\cde91125a5cdaeed535a9ebbbd3632dd_seg.png,1024,681,.jpg
train,12318,ce42db222f92dcdb48697985ab9337d4,ce42db222f92dcdb48697985ab9337d4.jpg,C:\Users\Daniel\Documents\Masters\S2\OR\Fashion_Segmentation\data\train\ce42db222f92dcdb48697985ab9337d4.jpg,C:\Users\Daniel\Documents\Masters\S2\OR\Fashion_Segmentation\data\segmentations_train\ce42db222f92dcdb48697985ab9337d4_seg.png,682,1024,.jpg
train,45510,cf3f0b530564a58b14a8accbb041db24,cf3f0b530564a58b14a8accbb041db24.jpg,C:\Users\Daniel\Documents\Masters\S2\OR\Fashion_Segmentation\data\train\cf3f0b530564a58b14a8accbb041db24.jpg,C:\Users\Daniel\Documents\Masters\S2\OR\Fashion_Segmentation\data\segmentations_train\cf3f0b530564a58b14a8accbb041db24_seg.png,1024,682,.jpg
train,21030,d0e81374763d35876e68937317ae9f20,d0e81374763d35876e68937317ae9f20.jpg,C:\Users\Daniel\Documents\Masters\S2\OR\Fashion_Segmentation\data\train\d0e81374763d35876e68937317ae9f20.jpg,C:\Users\Daniel\Documents\Masters\S2\OR\Fashion_Segmentation\data\segmentations_train\d0e81374763d35876e68937317ae9f20_seg.png,1024,680,.jpg
train,20243,d2b2ff0783f2e4749fbd43b6f5aa184c,d2b2ff0783f2e4749fbd43b6f5aa184c.jpg,C:\Users\Daniel\Documents\Masters\S2\OR\Fashion_Segmentation\data\train\d2b2ff0783f2e4749fbd43b6f5aa184c.jpg,C:\Users\Daniel\Documents\Masters\S2\OR\Fashion_Segmentation\data\segmentations_train\d2b2ff0783f2e4749fbd43b6f5aa184c_seg.png,1024,682,.jpg
train,37878,d5a10e2c6888cf4af812034882c41617,d5a10e2c6888cf4af812034882c41617.jpg,C:\Users\Daniel\Documents\Masters\S2\OR\Fashion_Segmentation\data\train\d5a10e2c6888cf4af812034882c41617.jpg,C:\Users\Daniel\Documents\Masters\S2\OR\Fashion_Segmentation\data\segmentations_train\d5a10e2c6888cf4af812034882c41617_seg.png,1024,1024,.jpg
train,21103,d60683d3772a7f40ca92d97a9bd4d6e5,d60683d3772a7f40ca92d97a9bd4d6e5.jpg,C:\Users\Daniel\Documents\Masters\S2\OR\Fashion_Segmentation\data\train\d60683d3772a7f40ca92d97a9bd4d6e5.jpg,C:\Users\Daniel\Documents\Masters\S2\OR\Fashion_Segmentation\data\segmentations_train\d60683d3772a7f40ca92d97a9bd4d6e5_seg.png,1024,633,.jpg
train,4936,d6fd6316b15408d40be15a4cda710a3f,d6fd6316b15408d40be15a4cda710a3f.jpg,C:\Users\Daniel\Documents\Masters\S2\OR\Fashion_Segmentation\data\train\d6fd6316b15408d40be15a4cda710a3f.jpg,C:\Users\Daniel\Documents\Masters\S2\OR\Fashion_Segmentation\data\segmentations_train\d6fd6316b15408d40be15a4cda710a3f_seg.png,1024,682,.jpg
train,24493,d82d074d9c3eca952b5df5ab1d139872,d82d074d9c3eca952b5df5ab1d139872.jpg,C:\Users\Daniel\Documents\Masters\S2\OR\Fashion_Segmentation\data\train\d82d074d9c3eca952b5df5ab1d139872.jpg,C:\Users\Daniel\Documents\Masters\S2\OR\Fashion_Segmentation\data\segmentations_train\d82d074d9c3eca952b5df5ab1d139872_seg.png,1024,684,.jpg
train,33190,d8db05c9aae4680eb26f6b5722f68b1b,d8db05c9aae4680eb26f6b5722f68b1b.jpg,C:\Users\Daniel\Documents\Masters\S2\OR\Fashion_Segmentation\data\train\d8db05c9aae4680eb26f6b5722f68b1b.jpg,C:\Users\Daniel\Documents\Masters\S2\OR\Fashion_Segmentation\data\segmentations_train\d8db05c9aae4680eb26f6b5722f68b1b_seg.png,1024,683,.jpg
train,16367,d8db8088b197516cc649127a251b92b3,d8db8088b197516cc649127a251b92b3.jpg,C:\Users\Daniel\Documents\Masters\S2\OR\Fashion_Segmentation\data\train\d8db8088b197516cc649127a251b92b3.jpg,C:\Users\Daniel\Documents\Masters\S2\OR\Fashion_Segmentation\data\segmentations_train\d8db8088b197516cc649127a251b92b3_seg.png,1024,682,.jpg
train,44298,d9b70fa639da1daaa57081fee0084461,d9b70fa639da1daaa57081fee0084461.jpg,C:\Users\Daniel\Documents\Masters\S2\OR\Fashion_Segmentation\data\train\d9b70fa639da1daaa57081fee0084461.jpg,C:\Users\Daniel\Documents\Masters\S2\OR\Fashion_Segmentation\data\segmentations_train\d9b70fa639da1daaa57081fee0084461_seg.png,1024,767,.jpg
train,28864,da0824af100b2dc7c272f98e77d1729f,da0824af100b2dc7c272f98e77d1729f.jpg,C:\Users\Daniel\Documents\Masters\S2\OR\Fashion_Segmentation\data\train\da0824af100b2dc7c272f98e77d1729f.jpg,C:\Users\Daniel\Documents\Masters\S2\OR\Fashion_Segmentation\data\segmentations_train\da0824af100b2dc7c272f98e77d1729f_seg.png,1024,682,.jpg
train,4124,da33c96b6da64e25458aa684b77d9a05,da33c96b6da64e25458aa684b77d9a05.jpg,C:\Users\Daniel\Documents\Masters\S2\OR\Fashion_Segmentation\data\train\da33c96b6da64e25458aa684b77d9a05.jpg,C:\Users\Daniel\Documents\Masters\S2\OR\Fashion_Segmentation\data\segmentations_train\da33c96b6da64e25458aa684b77d9a05_seg.png,1024,681,.jpg
train,6172,db3277f1662e2163237a782703f09d74,db3277f1662e2163237a782703f09d74.jpg,C:\Users\Daniel\Documents\Masters\S2\OR\Fashion_Segmentation\data\train\db3277f1662e2163237a782703f09d74.jpg,C:\Users\Daniel\Documents\Masters\S2\OR\Fashion_Segmentation\data\segmentations_train\db3277f1662e2163237a782703f09d74_seg.png,683,1024,.jpg
train,28494,db9d759e88805a82b4e1c9d7017a8af4,db9d759e88805a82b4e1c9d7017a8af4.jpg,C:\Users\Daniel\Documents\Masters\S2\OR\Fashion_Segmentation\data\train\db9d759e88805a82b4e1c9d7017a8af4.jpg,C:\Users\Daniel\Documents\Masters\S2\OR\Fashion_Segmentation\data\segmentations_train\db9d759e88805a82b4e1c9d7017a8af4_seg.png,1024,612,.jpg
train,4986,dc7638af355b66b4c8c45ab7bb1bc62e,dc7638af355b66b4c8c45ab7bb1bc62e.jpg,C:\Users\Daniel\Documents\Masters\S2\OR\Fashion_Segmentation\data\train\dc7638af355b66b4c8c45ab7bb1bc62e.jpg,C:\Users\Daniel\Documents\Masters\S2\OR\Fashion_Segmentation\data\segmentations_train\dc7638af355b66b4c8c45ab7bb1bc62e_seg.png,1024,682,.jpg
train,48464,dc7fa79e044f4b4bbbcfe07494a6f521,dc7fa79e044f4b4bbbcfe07494a6f521.jpg,C:\Users\Daniel\Documents\Masters\S2\OR\Fashion_Segmentation\data\train\dc7fa79e044f4b4bbbcfe07494a6f521.jpg,C:\Users\Daniel\Documents\Masters\S2\OR\Fashion_Segmentation\data\segmentations_train\dc7fa79e044f4b4bbbcfe07494a6f521_seg.png,1024,645,.jpg
train,8802,dcfdc6e0a64215c60e7cd722c24ab031,dcfdc6e0a64215c60e7cd722c24ab031.jpg,C:\Users\Daniel\Documents\Masters\S2\OR\Fashion_Segmentation\data\train\dcfdc6e0a64215c60e7cd722c24ab031.jpg,C:\Users\Daniel\Documents\Masters\S2\OR\Fashion_Segmentation\data\segmentations_train\dcfdc6e0a64215c60e7cd722c24ab031_seg.png,1024,683,.jpg
train,45133,dfbc9bfc3555f0e86cc91330886d62b3,dfbc9bfc3555f0e86cc91330886d62b3.jpg,C:\Users\Daniel\Documents\Masters\S2\OR\Fashion_Segmentation\data\train\dfbc9bfc3555f0e86cc91330886d62b3.jpg,C:\Users\Daniel\Documents\Masters\S2\OR\Fashion_Segmentation\data\segmentations_train\dfbc9bfc3555f0e86cc91330886d62b3_seg.png,1024,682,.jpg
train,23510,e224439a7921e2ae9efe46cc2b37c598,e224439a7921e2ae9efe46cc2b37c598.jpg,C:\Users\Daniel\Documents\Masters\S2\OR\Fashion_Segmentation\data\train\e224439a7921e2ae9efe46cc2b37c598.jpg,C:\Users\Daniel\Documents\Masters\S2\OR\Fashion_Segmentation\data\segmentations_train\e224439a7921e2ae9efe46cc2b37c598_seg.png,682,1024,.jpg
train,47256,e2f51fff68c0aef51de3f55cde46d38b,e2f51fff68c0aef51de3f55cde46d38b.jpg,C:\Users\Daniel\Documents\Masters\S2\OR\Fashion_Segmentation\data\train\e2f51fff68c0aef51de3f55cde46d38b.jpg,C:\Users\Daniel\Documents\Masters\S2\OR\Fashion_Segmentation\data\segmentations_train\e2f51fff68c0aef51de3f55cde46d38b_seg.png,1024,682,.jpg
train,43555,e82db05f2c5fb9c400d16c01cfe1be46,e82db05f2c5fb9c400d16c01cfe1be46.jpg,C:\Users\Daniel\Documents\Masters\S2\OR\Fashion_Segmentation\data\train\e82db05f2c5fb9c400d16c01cfe1be46.jpg,C:\Users\Daniel\Documents\Masters\S2\OR\Fashion_Segmentation\data\segmentations_train\e82db05f2c5fb9c400d16c01cfe1be46_seg.png,1024,1024,.jpg
train,10543,e890860d3359f16b10507324abd9e472,e890860d3359f16b10507324abd9e472.jpg,C:\Users\Daniel\Documents\Masters\S2\OR\Fashion_Segmentation\data\train\e890860d3359f16b10507324abd9e472.jpg,C:\Users\Daniel\Documents\Masters\S2\OR\Fashion_Segmentation\data\segmentations_train\e890860d3359f16b10507324abd9e472_seg.png,1024,683,.jpg
train,35009,ea12064fde2accfcbe75cfb83b5ea09c,ea12064fde2accfcbe75cfb83b5ea09c.jpg,C:\Users\Daniel\Documents\Masters\S2\OR\Fashion_Segmentation\data\train\ea12064fde2accfcbe75cfb83b5ea09c.jpg,C:\Users\Daniel\Documents\Masters\S2\OR\Fashion_Segmentation\data\segmentations_train\ea12064fde2accfcbe75cfb83b5ea09c_seg.png,1024,682,.jpg
train,44048,eb44180888b5101a5fba48dd73a7cf58,eb44180888b5101a5fba48dd73a7cf58.jpg,C:\Users\Daniel\Documents\Masters\S2\OR\Fashion_Segmentation\data\train\eb44180888b5101a5fba48dd73a7cf58.jpg,C:\Users\Daniel\Documents\Masters\S2\OR\Fashion_Segmentation\data\segmentations_train\eb44180888b5101a5fba48dd73a7cf58_seg.png,1024,682,.jpg
train,1207,ec828384117ef8757483d6516a32a6b7,ec828384117ef8757483d6516a32a6b7.jpg,C:\Users\Daniel\Documents\Masters\S2\OR\Fashion_Segmentation\data\train\ec828384117ef8757483d6516a32a6b7.jpg,C:\Users\Daniel\Documents\Masters\S2\OR\Fashion_Segmentation\data\segmentations_train\ec828384117ef8757483d6516a32a6b7_seg.png,1024,682,.jpg
train,20867,ef07ce3ff7a3efb20b8b83a6a330addd,ef07ce3ff7a3efb20b8b83a6a330addd.jpg,C:\Users\Daniel\Documents\Masters\S2\OR\Fashion_Segmentation\data\train\ef07ce3ff7a3efb20b8b83a6a330addd.jpg,C:\Users\Daniel\Documents\Masters\S2\OR\Fashion_Segmentation\data\segmentations_train\ef07ce3ff7a3efb20b8b83a6a330addd_seg.png,1024,683,.jpg
train,11738,f050ae18aa55d80175361e52b7e54089,f050ae18aa55d80175361e52b7e54089.jpg,C:\Users\Daniel\Documents\Masters\S2\OR\Fashion_Segmentation\data\train\f050ae18aa55d80175361e52b7e54089.jpg,C:\Users\Daniel\Documents\Masters\S2\OR\Fashion_Segmentation\data\segmentations_train\f050ae18aa55d80175361e52b7e54089_seg.png,682,1024,.jpg
train,27197,f06ac41a01684204a7a4e1268dcb5b69,f06ac41a01684204a7a4e1268dcb5b69.jpg,C:\Users\Daniel\Documents\Masters\S2\OR\Fashion_Segmentation\data\train\f06ac41a01684204a7a4e1268dcb5b69.jpg,C:\Users\Daniel\Documents\Masters\S2\OR\Fashion_Segmentation\data\segmentations_train\f06ac41a01684204a7a4e1268dcb5b69_seg.png,576,1024,.jpg
train,49065,f0cc60939722141b26d9cf60deeae9a2,f0cc60939722141b26d9cf60deeae9a2.jpg,C:\Users\Daniel\Documents\Masters\S2\OR\Fashion_Segmentation\data\train\f0cc60939722141b26d9cf60deeae9a2.jpg,C:\Users\Daniel\Documents\Masters\S2\OR\Fashion_Segmentation\data\segmentations_train\f0cc60939722141b26d9cf60deeae9a2_seg.png,1024,682,.jpg
train,42919,f105d4046232b7a86749f11544bab8a1,f105d4046232b7a86749f11544bab8a1.jpg,C:\Users\Daniel\Documents\Masters\S2\OR\Fashion_Segmentation\data\train\f105d4046232b7a86749f11544bab8a1.jpg,C:\Users\Daniel\Documents\Masters\S2\OR\Fashion_Segmentation\data\segmentations_train\f105d4046232b7a86749f11544bab8a1_seg.png,1024,682,.jpg
train,46151,f132fd90d822b6004d6d7ad8256165fd,f132fd90d822b6004d6d7ad8256165fd.jpg,C:\Users\Daniel\Documents\Masters\S2\OR\Fashion_Segmentation\data\train\f132fd90d822b6004d6d7ad8256165fd.jpg,C:\Users\Daniel\Documents\Masters\S2\OR\Fashion_Segmentation\data\segmentations_train\f132fd90d822b6004d6d7ad8256165fd_seg.png,1024,768,.jpg
train,14944,f1f22d1f3a18d84918fa623923d8f615,f1f22d1f3a18d84918fa623923d8f615.jpg,C:\Users\Daniel\Documents\Masters\S2\OR\Fashion_Segmentation\data\train\f1f22d1f3a18d84918fa623923d8f615.jpg,C:\Users\Daniel\Documents\Masters\S2\OR\Fashion_Segmentation\data\segmentations_train\f1f22d1f3a18d84918fa623923d8f615_seg.png,1024,683,.jpg
train,46384,f2fa373c0e5d9b1ea01c95cffb81e6cb,f2fa373c0e5d9b1ea01c95cffb81e6cb.jpg,C:\Users\Daniel\Documents\Masters\S2\OR\Fashion_Segmentation\data\train\f2fa373c0e5d9b1ea01c95cffb81e6cb.jpg,C:\Users\Daniel\Documents\Masters\S2\OR\Fashion_Segmentation\data\segmentations_train\f2fa373c0e5d9b1ea01c95cffb81e6cb_seg.png,1024,1024,.jpg
train,40709,f3bc643ac96c22ee07fdba5dc8056ac1,f3bc643ac96c22ee07fdba5dc8056ac1.jpg,C:\Users\Daniel\Documents\Masters\S2\OR\Fashion_Segmentation\data\train\f3bc643ac96c22ee07fdba5dc8056ac1.jpg,C:\Users\Daniel\Documents\Masters\S2\OR\Fashion_Segmentation\data\segmentations_train\f3bc643ac96c22ee07fdba5dc8056ac1_seg.png,1024,1024,.jpg
train,31592,f617f10099d7317dc5989e185b9446a1,f617f10099d7317dc5989e185b9446a1.jpg,C:\Users\Daniel\Documents\Masters\S2\OR\Fashion_Segmentation\data\train\f617f10099d7317dc5989e185b9446a1.jpg,C:\Users\Daniel\Documents\Masters\S2\OR\Fashion_Segmentation\data\segmentations_train\f617f10099d7317dc5989e185b9446a1_seg.png,1024,1024,.jpg
train,22759,fac3069b690e9a31039f71194436fc25,fac3069b690e9a31039f71194436fc25.jpg,C:\Users\Daniel\Documents\Masters\S2\OR\Fashion_Segmentation\data\train\fac3069b690e9a31039f71194436fc25.jpg,C:\Users\Daniel\Documents\Masters\S2\OR\Fashion_Segmentation\data\segmentations_train\fac3069b690e9a31039f71194436fc25_seg.png,1024,680,.jpg
train,32837,fe89c90f6e011002853eaacffaf91c88,fe89c90f6e011002853eaacffaf91c88.jpg,C:\Users\Daniel\Documents\Masters\S2\OR\Fashion_Segmentation\data\train\fe89c90f6e011002853eaacffaf91c88.jpg,C:\Users\Daniel\Documents\Masters\S2\OR\Fashion_Segmentation\data\segmentations_train\fe89c90f6e011002853eaacffaf91c88_seg.png,1024,1024,.jpg
val,20458,08680e1257c83a5a603ae3ef67ef3dde,08680e1257c83a5a603ae3ef67ef3dde.jpg,C:\Users\Daniel\Documents\Masters\S2\OR\Fashion_Segmentation\data\test\08680e1257c83a5a603ae3ef67ef3dde.jpg,C:\Users\Daniel\Documents\Masters\S2\OR\Fashion_Segmentation\data\segmentations_val\08680e1257c83a5a603ae3ef67ef3dde_seg.png,1024,768,.jpg
val,10811,0bbb948a0876edce2827a164c6783fbe,0bbb948a0876edce2827a164c6783fbe.jpg,C:\Users\Daniel\Documents\Masters\S2\OR\Fashion_Segmentation\data\test\0bbb948a0876edce2827a164c6783fbe.jpg,C:\Users\Daniel\Documents\Masters\S2\OR\Fashion_Segmentation\data\segmentations_val\0bbb948a0876edce2827a164c6783fbe_seg.png,1024,683,.jpg
val,10404,110884e327a094ad86358ece522dddff,110884e327a094ad86358ece522dddff.jpg,C:\Users\Daniel\Documents\Masters\S2\OR\Fashion_Segmentation\data\test\110884e327a094ad86358ece522dddff.jpg,C:\Users\Daniel\Documents\Masters\S2\OR\Fashion_Segmentation\data\segmentations_val\110884e327a094ad86358ece522dddff_seg.png,1024,632,.jpg
val,15703,1133c832005b9620ab89eee82ba1c4a2,1133c832005b9620ab89eee82ba1c4a2.jpg,C:\Users\Daniel\Documents\Masters\S2\OR\Fashion_Segmentation\data\test\1133c832005b9620ab89eee82ba1c4a2.jpg,C:\Users\Daniel\Documents\Masters\S2\OR\Fashion_Segmentation\data\segmentations_val\1133c832005b9620ab89eee82ba1c4a2_seg.png,1024,683,.jpg
val,15379,12b3bdbd6cc7f9a136903bdf8c868d1a,12b3bdbd6cc7f9a136903bdf8c868d1a.jpg,C:\Users\Daniel\Documents\Masters\S2\OR\Fashion_Segmentation\data\test\12b3bdbd6cc7f9a136903bdf8c868d1a.jpg,C:\Users\Daniel\Documents\Masters\S2\OR\Fashion_Segmentation\data\segmentations_val\12b3bdbd6cc7f9a136903bdf8c868d1a_seg.png,1024,632,.jpg
val,16953,13bd73c2068bc2705f3a0b65e425b965,13bd73c2068bc2705f3a0b65e425b965.jpg,C:\Users\Daniel\Documents\Masters\S2\OR\Fashion_Segmentation\data\test\13bd73c2068bc2705f3a0b65e425b965.jpg,C:\Users\Daniel\Documents\Masters\S2\OR\Fashion_Segmentation\data\segmentations_val\13bd73c2068bc2705f3a0b65e425b965_seg.png,1024,683,.jpg
val,11477,166db2094576d8c91dd7b367e695e9a2,166db2094576d8c91dd7b367e695e9a2.jpg,C:\Users\Daniel\Documents\Masters\S2\OR\Fashion_Segmentation\data\test\166db2094576d8c91dd7b367e695e9a2.jpg,C:\Users\Daniel\Documents\Masters\S2\OR\Fashion_Segmentation\data\segmentations_val\166db2094576d8c91dd7b367e695e9a2_seg.png,1024,682,.jpg
val,8519,1c906b2d4f414e1e7ed064abc0606a0a,1c906b2d4f414e1e7ed064abc0606a0a.jpg,C:\Users\Daniel\Documents\Masters\S2\OR\Fashion_Segmentation\data\test\1c906b2d4f414e1e7ed064abc0606a0a.jpg,C:\Users\Daniel\Documents\Masters\S2\OR\Fashion_Segmentation\data\segmentations_val\1c906b2d4f414e1e7ed064abc0606a0a_seg.png,1024,682,.jpg
val,12948,1f4c2d7ddfaa4d7c5a88df6d04ec0512,1f4c2d7ddfaa4d7c5a88df6d04ec0512.jpg,C:\Users\Daniel\Documents\Masters\S2\OR\Fashion_Segmentation\data\test\1f4c2d7ddfaa4d7c5a88df6d04ec0512.jpg,C:\Users\Daniel\Documents\Masters\S2\OR\Fashion_Segmentation\data\segmentations_val\1f4c2d7ddfaa4d7c5a88df6d04ec0512_seg.png,1024,633,.jpg
val,18415,1fc67fcf2301de07315b2b1eae7d1e87,1fc67fcf2301de07315b2b1eae7d1e87.jpg,C:\Users\Daniel\Documents\Masters\S2\OR\Fashion_Segmentation\data\test\1fc67fcf2301de07315b2b1eae7d1e87.jpg,C:\Users\Daniel\Documents\Masters\S2\OR\Fashion_Segmentation\data\segmentations_val\1fc67fcf2301de07315b2b1eae7d1e87_seg.png,680,1024,.jpg
val,19051,218f45327eead3c64b19e3ddee2ec238,218f45327eead3c64b19e3ddee2ec238.jpg,C:\Users\Daniel\Documents\Masters\S2\OR\Fashion_Segmentation\data\test\218f45327eead3c64b19e3ddee2ec238.jpg,C:\Users\Daniel\Documents\Masters\S2\OR\Fashion_Segmentation\data\segmentations_val\218f45327eead3c64b19e3ddee2ec238_seg.png,682,1024,.jpg
val,12770,21c52aa89dbf9b2be2089c20cf1d987d,21c52aa89dbf9b2be2089c20cf1d987d.jpg,C:\Users\Daniel\Documents\Masters\S2\OR\Fashion_Segmentation\data\test\21c52aa89dbf9b2be2089c20cf1d987d.jpg,C:\Users\Daniel\Documents\Masters\S2\OR\Fashion_Segmentation\data\segmentations_val\21c52aa89dbf9b2be2089c20cf1d987d_seg.png,1024,683,.jpg
val,15201,25fb92c0d8ca2d4d159bfcd674b484d8,25fb92c0d8ca2d4d159bfcd674b484d8.jpg,C:\Users\Daniel\Documents\Masters\S2\OR\Fashion_Segmentation\data\test\25fb92c0d8ca2d4d159bfcd674b484d8.jpg,C:\Users\Daniel\Documents\Masters\S2\OR\Fashion_Segmentation\data\segmentations_val\25fb92c0d8ca2d4d159bfcd674b484d8_seg.png,682,1024,.jpg
val,15073,2e783ef225f6afd2c16ceac5482d955c,2e783ef225f6afd2c16ceac5482d955c.jpg,C:\Users\Daniel\Documents\Masters\S2\OR\Fashion_Segmentation\data\test\2e783ef225f6afd2c16ceac5482d955c.jpg,C:\Users\Daniel\Documents\Masters\S2\OR\Fashion_Segmentation\data\segmentations_val\2e783ef225f6afd2c16ceac5482d955c_seg.png,682,1024,.jpg
val,11152,3109762baa95cfc50b5a454db19d4143,3109762baa95cfc50b5a454db19d4143.jpg,C:\Users\Daniel\Documents\Masters\S2\OR\Fashion_Segmentation\data\test\3109762baa95cfc50b5a454db19d4143.jpg,C:\Users\Daniel\Documents\Masters\S2\OR\Fashion_Segmentation\data\segmentations_val\3109762baa95cfc50b5a454db19d4143_seg.png,1024,631,.jpg
val,11859,31bbe8edffb11d49563d77dd3fa29610,31bbe8edffb11d49563d77dd3fa29610.jpg,C:\Users\Daniel\Documents\Masters\S2\OR\Fashion_Segmentation\data\test\31bbe8edffb11d49563d77dd3fa29610.jpg,C:\Users\Daniel\Documents\Masters\S2\OR\Fashion_Segmentation\data\segmentations_val\31bbe8edffb11d49563d77dd3fa29610_seg.png,773,1024,.jpg
val,8554,3628ba3d48dfc3c26103dd2056f47bc6,3628ba3d48dfc3c26103dd2056f47bc6.jpg,C:\Users\Daniel\Documents\Masters\S2\OR\Fashion_Segmentation\data\test\3628ba3d48dfc3c26103dd2056f47bc6.jpg,C:\Users\Daniel\Documents\Masters\S2\OR\Fashion_Segmentation\data\segmentations_val\3628ba3d48dfc3c26103dd2056f47bc6_seg.png,680,1024,.jpg
val,17261,37370ccfad7a49a1121ad83eb0a39b87,37370ccfad7a49a1121ad83eb0a39b87.jpg,C:\Users\Daniel\Documents\Masters\S2\OR\Fashion_Segmentation\data\test\37370ccfad7a49a1121ad83eb0a39b87.jpg,C:\Users\Daniel\Documents\Masters\S2\OR\Fashion_Segmentation\data\segmentations_val\37370ccfad7a49a1121ad83eb0a39b87_seg.png,1024,683,.jpg
val,15920,3a363533069e4150d6fd215abb73dd08,3a363533069e4150d6fd215abb73dd08.jpg,C:\Users\Daniel\Documents\Masters\S2\OR\Fashion_Segmentation\data\test\3a363533069e4150d6fd215abb73dd08.jpg,C:\Users\Daniel\Documents\Masters\S2\OR\Fashion_Segmentation\data\segmentations_val\3a363533069e4150d6fd215abb73dd08_seg.png,1024,683,.jpg
val,15729,3a87ce99efb87686869fdb390cc5ef0c,3a87ce99efb87686869fdb390cc5ef0c.jpg,C:\Users\Daniel\Documents\Masters\S2\OR\Fashion_Segmentation\data\test\3a87ce99efb87686869fdb390cc5ef0c.jpg,C:\Users\Daniel\Documents\Masters\S2\OR\Fashion_Segmentation\data\segmentations_val\3a87ce99efb87686869fdb390cc5ef0c_seg.png,1024,1024,.jpg
val,19768,3ad847bd01f73476418f50f8419bf644,3ad847bd01f73476418f50f8419bf644.jpg,C:\Users\Daniel\Documents\Masters\S2\OR\Fashion_Segmentation\data\test\3ad847bd01f73476418f50f8419bf644.jpg,C:\Users\Daniel\Documents\Masters\S2\OR\Fashion_Segmentation\data\segmentations_val\3ad847bd01f73476418f50f8419bf644_seg.png,1024,681,.jpg
val,20489,3b8e5457c9419df3a67ed590cbb46b56,3b8e5457c9419df3a67ed590cbb46b56.jpg,C:\Users\Daniel\Documents\Masters\S2\OR\Fashion_Segmentation\data\test\3b8e5457c9419df3a67ed590cbb46b56.jpg,C:\Users\Daniel\Documents\Masters\S2\OR\Fashion_Segmentation\data\segmentations_val\3b8e5457c9419df3a67ed590cbb46b56_seg.png,1024,683,.jpg
val,10602,3c9745ee71fdc72c43f9baec5f9e27f0,3c9745ee71fdc72c43f9baec5f9e27f0.jpg,C:\Users\Daniel\Documents\Masters\S2\OR\Fashion_Segmentation\data\test\3c9745ee71fdc72c43f9baec5f9e27f0.jpg,C:\Users\Daniel\Documents\Masters\S2\OR\Fashion_Segmentation\data\segmentations_val\3c9745ee71fdc72c43f9baec5f9e27f0_seg.png,1024,683,.jpg
val,18620,3d1a8d1323ab2feae0530606f883e2c7,3d1a8d1323ab2feae0530606f883e2c7.jpg,C:\Users\Daniel\Documents\Masters\S2\OR\Fashion_Segmentation\data\test\3d1a8d1323ab2feae0530606f883e2c7.jpg,C:\Users\Daniel\Documents\Masters\S2\OR\Fashion_Segmentation\data\segmentations_val\3d1a8d1323ab2feae0530606f883e2c7_seg.png,1024,739,.jpg
val,15279,3fcfa9cf841c43da1cf40ff998939b21,3fcfa9cf841c43da1cf40ff998939b21.jpg,C:\Users\Daniel\Documents\Masters\S2\OR\Fashion_Segmentation\data\test\3fcfa9cf841c43da1cf40ff998939b21.jpg,C:\Users\Daniel\Documents\Masters\S2\OR\Fashion_Segmentation\data\segmentations_val\3fcfa9cf841c43da1cf40ff998939b21_seg.png,1024,683,.jpg
val,9656,420f153001eb2e37269ae974b9f7665e,420f153001eb2e37269ae974b9f7665e.jpg,C:\Users\Daniel\Documents\Masters\S2\OR\Fashion_Segmentation\data\test\420f153001eb2e37269ae974b9f7665e.jpg,C:\Users\Daniel\Documents\Masters\S2\OR\Fashion_Segmentation\data\segmentations_val\420f153001eb2e37269ae974b9f7665e_seg.png,1024,682,.jpg
val,9914,46c1433283e5cfba916f741bc681b99b,46c1433283e5cfba916f741bc681b99b.jpg,C:\Users\Daniel\Documents\Masters\S2\OR\Fashion_Segmentation\data\test\46c1433283e5cfba916f741bc681b99b.jpg,C:\Users\Daniel\Documents\Masters\S2\OR\Fashion_Segmentation\data\segmentations_val\46c1433283e5cfba916f741bc681b99b_seg.png,1024,683,.jpg
val,10678,4a218fbe91f6d17267cdbb255d4d8900,4a218fbe91f6d17267cdbb255d4d8900.jpg,C:\Users\Daniel\Documents\Masters\S2\OR\Fashion_Segmentation\data\test\4a218fbe91f6d17267cdbb255d4d8900.jpg,C:\Users\Daniel\Documents\Masters\S2\OR\Fashion_Segmentation\data\segmentations_val\4a218fbe91f6d17267cdbb255d4d8900_seg.png,1024,1024,.jpg
val,12953,57774be0f5c323623cc8df37d812c033,57774be0f5c323623cc8df37d812c033.jpg,C:\Users\Daniel\Documents\Masters\S2\OR\Fashion_Segmentation\data\test\57774be0f5c323623cc8df37d812c033.jpg,C:\Users\Daniel\Documents\Masters\S2\OR\Fashion_Segmentation\data\segmentations_val\57774be0f5c323623cc8df37d812c033_seg.png,1024,681,.jpg
val,10954,59972d4827e58fd77ceac9dd7f0b42c7,59972d4827e58fd77ceac9dd7f0b42c7.jpg,C:\Users\Daniel\Documents\Masters\S2\OR\Fashion_Segmentation\data\test\59972d4827e58fd77ceac9dd7f0b42c7.jpg,C:\Users\Daniel\Documents\Masters\S2\OR\Fashion_Segmentation\data\segmentations_val\59972d4827e58fd77ceac9dd7f0b42c7_seg.png,1024,682,.jpg
val,10000,5a45019f91a09b34caad0730b77f281d,5a45019f91a09b34caad0730b77f281d.jpg,C:\Users\Daniel\Documents\Masters\S2\OR\Fashion_Segmentation\data\test\5a45019f91a09b34caad0730b77f281d.jpg,C:\Users\Daniel\Documents\Masters\S2\OR\Fashion_Segmentation\data\segmentations_val\5a45019f91a09b34caad0730b77f281d_seg.png,1024,1024,.jpg
val,16672,627bfa841f072062e0cbeeff330787eb,627bfa841f072062e0cbeeff330787eb.jpg,C:\Users\Daniel\Documents\Masters\S2\OR\Fashion_Segmentation\data\test\627bfa841f072062e0cbeeff330787eb.jpg,C:\Users\Daniel\Documents\Masters\S2\OR\Fashion_Segmentation\data\segmentations_val\627bfa841f072062e0cbeeff330787eb_seg.png,1024,682,.jpg
val,17566,629df21f84ffc47d37ab1e3818dfad7a,629df21f84ffc47d37ab1e3818dfad7a.jpg,C:\Users\Daniel\Documents\Masters\S2\OR\Fashion_Segmentation\data\test\629df21f84ffc47d37ab1e3818dfad7a.jpg,C:\Users\Daniel\Documents\Masters\S2\OR\Fashion_Segmentation\data\segmentations_val\629df21f84ffc47d37ab1e3818dfad7a_seg.png,768,1024,.jpg
val,9266,6375bd30773a17a141a35eb4df0e4e16,6375bd30773a17a141a35eb4df0e4e16.jpg,C:\Users\Daniel\Documents\Masters\S2\OR\Fashion_Segmentation\data\test\6375bd30773a17a141a35eb4df0e4e16.jpg,C:\Users\Daniel\Documents\Masters\S2\OR\Fashion_Segmentation\data\segmentations_val\6375bd30773a17a141a35eb4df0e4e16_seg.png,1024,683,.jpg
val,13291,67f807cdadb96ebc9e59beb2222e1d57,67f807cdadb96ebc9e59beb2222e1d57.jpg,C:\Users\Daniel\Documents\Masters\S2\OR\Fashion_Segmentation\data\test\67f807cdadb96ebc9e59beb2222e1d57.jpg,C:\Users\Daniel\Documents\Masters\S2\OR\Fashion_Segmentation\data\segmentations_val\67f807cdadb96ebc9e59beb2222e1d57_seg.png,1024,946,.jpg
val,10424,6a0d484572ffd11cc5ea627df2c82b94,6a0d484572ffd11cc5ea627df2c82b94.jpg,C:\Users\Daniel\Documents\Masters\S2\OR\Fashion_Segmentation\data\test\6a0d484572ffd11cc5ea627df2c82b94.jpg,C:\Users\Daniel\Documents\Masters\S2\OR\Fashion_Segmentation\data\segmentations_val\6a0d484572ffd11cc5ea627df2c82b94_seg.png,1024,682,.jpg
val,13011,73b8457583eb2fc453caef8b8307bff9,73b8457583eb2fc453caef8b8307bff9.jpg,C:\Users\Daniel\Documents\Masters\S2\OR\Fashion_Segmentation\data\test\73b8457583eb2fc453caef8b8307bff9.jpg,C:\Users\Daniel\Documents\Masters\S2\OR\Fashion_Segmentation\data\segmentations_val\73b8457583eb2fc453caef8b8307bff9_seg.png,1024,629,.jpg
val,18108,76fd87d84ee7cdffcb33e05d74bb663c,76fd87d84ee7cdffcb33e05d74bb663c.jpg,C:\Users\Daniel\Documents\Masters\S2\OR\Fashion_Segmentation\data\test\76fd87d84ee7cdffcb33e05d74bb663c.jpg,C:\Users\Daniel\Documents\Masters\S2\OR\Fashion_Segmentation\data\segmentations_val\76fd87d84ee7cdffcb33e05d74bb663c_seg.png,1024,1024,.jpg
val,13507,79a404d13384b4e687f5927f1d28e2e3,79a404d13384b4e687f5927f1d28e2e3.jpg,C:\Users\Daniel\Documents\Masters\S2\OR\Fashion_Segmentation\data\test\79a404d13384b4e687f5927f1d28e2e3.jpg,C:\Users\Daniel\Documents\Masters\S2\OR\Fashion_Segmentation\data\segmentations_val\79a404d13384b4e687f5927f1d28e2e3_seg.png,1024,682,.jpg
val,16004,7ecf591cf3e21e72ea2718e3869f5768,7ecf591cf3e21e72ea2718e3869f5768.jpg,C:\Users\Daniel\Documents\Masters\S2\OR\Fashion_Segmentation\data\test\7ecf591cf3e21e72ea2718e3869f5768.jpg,C:\Users\Daniel\Documents\Masters\S2\OR\Fashion_Segmentation\data\segmentations_val\7ecf591cf3e21e72ea2718e3869f5768_seg.png,1024,629,.jpg
val,13312,7f5c5ed02e62a9afea01d6a60ac5e768,7f5c5ed02e62a9afea01d6a60ac5e768.jpg,C:\Users\Daniel\Documents\Masters\S2\OR\Fashion_Segmentation\data\test\7f5c5ed02e62a9afea01d6a60ac5e768.jpg,C:\Users\Daniel\Documents\Masters\S2\OR\Fashion_Segmentation\data\segmentations_val\7f5c5ed02e62a9afea01d6a60ac5e768_seg.png,682,1024,.jpg
val,18130,845197179e9ea35e1dd58144a1e03f36,845197179e9ea35e1dd58144a1e03f36.jpg,C:\Users\Daniel\Documents\Masters\S2\OR\Fashion_Segmentation\data\test\845197179e9ea35e1dd58144a1e03f36.jpg,C:\Users\Daniel\Documents\Masters\S2\OR\Fashion_Segmentation\data\segmentations_val\845197179e9ea35e1dd58144a1e03f36_seg.png,1024,632,.jpg
val,11609,8d81e4ca92e63119e1ed5dacdddc0430,8d81e4ca92e63119e1ed5dacdddc0430.jpg,C:\Users\Daniel\Documents\Masters\S2\OR\Fashion_Segmentation\data\test\8d81e4ca92e63119e1ed5dacdddc0430.jpg,C:\Users\Daniel\Documents\Masters\S2\OR\Fashion_Segmentation\data\segmentations_val\8d81e4ca92e63119e1ed5dacdddc0430_seg.png,682,1024,.jpg
val,10913,9746e5b820125c737e871fc2f8c50c42,9746e5b820125c737e871fc2f8c50c42.jpg,C:\Users\Daniel\Documents\Masters\S2\OR\Fashion_Segmentation\data\test\9746e5b820125c737e871fc2f8c50c42.jpg,C:\Users\Daniel\Documents\Masters\S2\OR\Fashion_Segmentation\data\segmentations_val\9746e5b820125c737e871fc2f8c50c42_seg.png,1024,859,.jpg
val,17609,9c740b226f9ffe7eca197ade2f554fe9,9c740b226f9ffe7eca197ade2f554fe9.jpg,C:\Users\Daniel\Documents\Masters\S2\OR\Fashion_Segmentation\data\test\9c740b226f9ffe7eca197ade2f554fe9.jpg,C:\Users\Daniel\Documents\Masters\S2\OR\Fashion_Segmentation\data\segmentations_val\9c740b226f9ffe7eca197ade2f554fe9_seg.png,1024,679,.jpg
val,16182,9e35bff1f530e353ce2844823e27fe28,9e35bff1f530e353ce2844823e27fe28.jpg,C:\Users\Daniel\Documents\Masters\S2\OR\Fashion_Segmentation\data\test\9e35bff1f530e353ce2844823e27fe28.jpg,C:\Users\Daniel\Documents\Masters\S2\OR\Fashion_Segmentation\data\segmentations_val\9e35bff1f530e353ce2844823e27fe28_seg.png,1024,684,.jpg
val,9406,a0aedf945aef6f2eb6578dd749e92545,a0aedf945aef6f2eb6578dd749e92545.jpg,C:\Users\Daniel\Documents\Masters\S2\OR\Fashion_Segmentation\data\test\a0aedf945aef6f2eb6578dd749e92545.jpg,C:\Users\Daniel\Documents\Masters\S2\OR\Fashion_Segmentation\data\segmentations_val\a0aedf945aef6f2eb6578dd749e92545_seg.png,1024,683,.jpg
val,16219,a60133a38ac550ddd48b3d25965d2c80,a60133a38ac550ddd48b3d25965d2c80.jpg,C:\Users\Daniel\Documents\Masters\S2\OR\Fashion_Segmentation\data\test\a60133a38ac550ddd48b3d25965d2c80.jpg,C:\Users\Daniel\Documents\Masters\S2\OR\Fashion_Segmentation\data\segmentations_val\a60133a38ac550ddd48b3d25965d2c80_seg.png,1024,680,.jpg
val,18718,a6507cc61e40a08435a5a210450a47c1,a6507cc61e40a08435a5a210450a47c1.jpg,C:\Users\Daniel\Documents\Masters\S2\OR\Fashion_Segmentation\data\test\a6507cc61e40a08435a5a210450a47c1.jpg,C:\Users\Daniel\Documents\Masters\S2\OR\Fashion_Segmentation\data\segmentations_val\a6507cc61e40a08435a5a210450a47c1_seg.png,1024,819,.jpg
val,11070,a92c830ce1c63bd3db9624337ce94c0a,a92c830ce1c63bd3db9624337ce94c0a.jpg,C:\Users\Daniel\Documents\Masters\S2\OR\Fashion_Segmentation\data\test\a92c830ce1c63bd3db9624337ce94c0a.jpg,C:\Users\Daniel\Documents\Masters\S2\OR\Fashion_Segmentation\data\segmentations_val\a92c830ce1c63bd3db9624337ce94c0a_seg.png,1024,683,.jpg
val,13231,a9718c7da26a2118ce906a8561d79997,a9718c7da26a2118ce906a8561d79997.jpg,C:\Users\Daniel\Documents\Masters\S2\OR\Fashion_Segmentation\data\test\a9718c7da26a2118ce906a8561d79997.jpg,C:\Users\Daniel\Documents\Masters\S2\OR\Fashion_Segmentation\data\segmentations_val\a9718c7da26a2118ce906a8561d79997_seg.png,682,1024,.jpg
val,9250,ac04434c447d537b797dcef55ad597a5,ac04434c447d537b797dcef55ad597a5.jpg,C:\Users\Daniel\Documents\Masters\S2\OR\Fashion_Segmentation\data\test\ac04434c447d537b797dcef55ad597a5.jpg,C:\Users\Daniel\Documents\Masters\S2\OR\Fashion_Segmentation\data\segmentations_val\ac04434c447d537b797dcef55ad597a5_seg.png,1024,683,.jpg
val,19762,ac4aa8f399c1cf0440c03a13bb571660,ac4aa8f399c1cf0440c03a13bb571660.jpg,C:\Users\Daniel\Documents\Masters\S2\OR\Fashion_Segmentation\data\test\ac4aa8f399c1cf0440c03a13bb571660.jpg,C:\Users\Daniel\Documents\Masters\S2\OR\Fashion_Segmentation\data\segmentations_val\ac4aa8f399c1cf0440c03a13bb571660_seg.png,1024,682,.jpg
val,17050,afb8182ab6475db9830b0afafb442f55,afb8182ab6475db9830b0afafb442f55.jpg,C:\Users\Daniel\Documents\Masters\S2\OR\Fashion_Segmentation\data\test\afb8182ab6475db9830b0afafb442f55.jpg,C:\Users\Daniel\Documents\Masters\S2\OR\Fashion_Segmentation\data\segmentations_val\afb8182ab6475db9830b0afafb442f55_seg.png,1024,1024,.jpg
val,16116,b246457b56c522682a2400286ca834ec,b246457b56c522682a2400286ca834ec.jpg,C:\Users\Daniel\Documents\Masters\S2\OR\Fashion_Segmentation\data\test\b246457b56c522682a2400286ca834ec.jpg,C:\Users\Daniel\Documents\Masters\S2\OR\Fashion_Segmentation\data\segmentations_val\b246457b56c522682a2400286ca834ec_seg.png,1024,446,.jpg
val,16747,b4968dc30b419476fcc4a72938113609,b4968dc30b419476fcc4a72938113609.jpg,C:\Users\Daniel\Documents\Masters\S2\OR\Fashion_Segmentation\data\test\b4968dc30b419476fcc4a72938113609.jpg,C:\Users\Daniel\Documents\Masters\S2\OR\Fashion_Segmentation\data\segmentations_val\b4968dc30b419476fcc4a72938113609_seg.png,1024,614,.jpg
val,20529,ba8439f18a33ea4063ab92b3a4ced530,ba8439f18a33ea4063ab92b3a4ced530.jpg,C:\Users\Daniel\Documents\Masters\S2\OR\Fashion_Segmentation\data\test\ba8439f18a33ea4063ab92b3a4ced530.jpg,C:\Users\Daniel\Documents\Masters\S2\OR\Fashion_Segmentation\data\segmentations_val\ba8439f18a33ea4063ab92b3a4ced530_seg.png,1024,678,.jpg
val,12785,c04e7cf82a3d0216dabe151f5fc05c24,c04e7cf82a3d0216dabe151f5fc05c24.jpg,C:\Users\Daniel\Documents\Masters\S2\OR\Fashion_Segmentation\data\test\c04e7cf82a3d0216dabe151f5fc05c24.jpg,C:\Users\Daniel\Documents\Masters\S2\OR\Fashion_Segmentation\data\segmentations_val\c04e7cf82a3d0216dabe151f5fc05c24_seg.png,1024,644,.jpg
val,6410,c201083bb1f8b26dba075f380aa799bc,c201083bb1f8b26dba075f380aa799bc.jpg,C:\Users\Daniel\Documents\Masters\S2\OR\Fashion_Segmentation\data\test\c201083bb1f8b26dba075f380aa799bc.jpg,C:\Users\Daniel\Documents\Masters\S2\OR\Fashion_Segmentation\data\segmentations_val\c201083bb1f8b26dba075f380aa799bc_seg.png,1024,682,.jpg
val,18980,c59652d40810f10a443756d41bfa1287,c59652d40810f10a443756d41bfa1287.jpg,C:\Users\Daniel\Documents\Masters\S2\OR\Fashion_Segmentation\data\test\c59652d40810f10a443756d41bfa1287.jpg,C:\Users\Daniel\Documents\Masters\S2\OR\Fashion_Segmentation\data\segmentations_val\c59652d40810f10a443756d41bfa1287_seg.png,1024,618,.jpg
val,18208,c9d696c1abd41188c49b0a88ed46161e,c9d696c1abd41188c49b0a88ed46161e.jpg,C:\Users\Daniel\Documents\Masters\S2\OR\Fashion_Segmentation\data\test\c9d696c1abd41188c49b0a88ed46161e.jpg,C:\Users\Daniel\Documents\Masters\S2\OR\Fashion_Segmentation\data\segmentations_val\c9d696c1abd41188c49b0a88ed46161e_seg.png,1024,680,.jpg
val,16065,ca2e0ac1b45a396c7040b135deff7d66,ca2e0ac1b45a396c7040b135deff7d66.jpg,C:\Users\Daniel\Documents\Masters\S2\OR\Fashion_Segmentation\data\test\ca2e0ac1b45a396c7040b135deff7d66.jpg,C:\Users\Daniel\Documents\Masters\S2\OR\Fashion_Segmentation\data\segmentations_val\ca2e0ac1b45a396c7040b135deff7d66_seg.png,1024,682,.jpg
val,11419,cbe421f0f567af8dc6dee22ae239e846,cbe421f0f567af8dc6dee22ae239e846.jpg,C:\Users\Daniel\Documents\Masters\S2\OR\Fashion_Segmentation\data\test\cbe421f0f567af8dc6dee22ae239e846.jpg,C:\Users\Daniel\Documents\Masters\S2\OR\Fashion_Segmentation\data\segmentations_val\cbe421f0f567af8dc6dee22ae239e846_seg.png,1024,683,.jpg
val,15486,cf8fbb58ce182fb9976486509e220efd,cf8fbb58ce182fb9976486509e220efd.jpg,C:\Users\Daniel\Documents\Masters\S2\OR\Fashion_Segmentation\data\test\cf8fbb58ce182fb9976486509e220efd.jpg,C:\Users\Daniel\Documents\Masters\S2\OR\Fashion_Segmentation\data\segmentations_val\cf8fbb58ce182fb9976486509e220efd_seg.png,1024,682,.jpg
val,20170,cf9ee579dfff83db95d3ad350557245a,cf9ee579dfff83db95d3ad350557245a.jpg,C:\Users\Daniel\Documents\Masters\S2\OR\Fashion_Segmentation\data\test\cf9ee579dfff83db95d3ad350557245a.jpg,C:\Users\Daniel\Documents\Masters\S2\OR\Fashion_Segmentation\data\segmentations_val\cf9ee579dfff83db95d3ad350557245a_seg.png,731,1024,.jpg
val,16931,d14c29b741ec264a1bc7ea1918898a99,d14c29b741ec264a1bc7ea1918898a99.jpg,C:\Users\Daniel\Documents\Masters\S2\OR\Fashion_Segmentation\data\test\d14c29b741ec264a1bc7ea1918898a99.jpg,C:\Users\Daniel\Documents\Masters\S2\OR\Fashion_Segmentation\data\segmentations_val\d14c29b741ec264a1bc7ea1918898a99_seg.png,1024,680,.jpg
val,13317,d1e9977c8d5b658292c8be4aa054af35,d1e9977c8d5b658292c8be4aa054af35.jpg,C:\Users\Daniel\Documents\Masters\S2\OR\Fashion_Segmentation\data\test\d1e9977c8d5b658292c8be4aa054af35.jpg,C:\Users\Daniel\Documents\Masters\S2\OR\Fashion_Segmentation\data\segmentations_val\d1e9977c8d5b658292c8be4aa054af35_seg.png,1024,680,.jpg
val,11917,d23d0383fa7e5e512eba48cdf9b8f5cb,d23d0383fa7e5e512eba48cdf9b8f5cb.jpg,C:\Users\Daniel\Documents\Masters\S2\OR\Fashion_Segmentation\data\test\d23d0383fa7e5e512eba48cdf9b8f5cb.jpg,C:\Users\Daniel\Documents\Masters\S2\OR\Fashion_Segmentation\data\segmentations_val\d23d0383fa7e5e512eba48cdf9b8f5cb_seg.png,1024,680,.jpg
val,16683,d5d759731757fdef16a804321d4375ae,d5d759731757fdef16a804321d4375ae.jpg,C:\Users\Daniel\Documents\Masters\S2\OR\Fashion_Segmentation\data\test\d5d759731757fdef16a804321d4375ae.jpg,C:\Users\Daniel\Documents\Masters\S2\OR\Fashion_Segmentation\data\segmentations_val\d5d759731757fdef16a804321d4375ae_seg.png,683,1024,.jpg
val,15351,d7054d8a639b2385be571b5795d183cb,d7054d8a639b2385be571b5795d183cb.jpg,C:\Users\Daniel\Documents\Masters\S2\OR\Fashion_Segmentation\data\test\d7054d8a639b2385be571b5795d183cb.jpg,C:\Users\Daniel\Documents\Masters\S2\OR\Fashion_Segmentation\data\segmentations_val\d7054d8a639b2385be571b5795d183cb_seg.png,1024,683,.jpg
val,16566,d71f379a691017d51634b13d7abc1350,d71f379a691017d51634b13d7abc1350.jpg,C:\Users\Daniel\Documents\Masters\S2\OR\Fashion_Segmentation\data\test\d71f379a691017d51634b13d7abc1350.jpg,C:\Users\Daniel\Documents\Masters\S2\OR\Fashion_Segmentation\data\segmentations_val\d71f379a691017d51634b13d7abc1350_seg.png,1024,683,.jpg
val,20202,d94ce4e0c5ce05803cf589dbcfa81d15,d94ce4e0c5ce05803cf589dbcfa81d15.jpg,C:\Users\Daniel\Documents\Masters\S2\OR\Fashion_Segmentation\data\test\d94ce4e0c5ce05803cf589dbcfa81d15.jpg,C:\Users\Daniel\Documents\Masters\S2\OR\Fashion_Segmentation\data\segmentations_val\d94ce4e0c5ce05803cf589dbcfa81d15_seg.png,1024,680,.jpg
val,16508,db754979155507a6528eeb152a0adaf9,db754979155507a6528eeb152a0adaf9.jpg,C:\Users\Daniel\Documents\Masters\S2\OR\Fashion_Segmentation\data\test\db754979155507a6528eeb152a0adaf9.jpg,C:\Users\Daniel\Documents\Masters\S2\OR\Fashion_Segmentation\data\segmentations_val\db754979155507a6528eeb152a0adaf9_seg.png,1024,682,.jpg
val,19062,dcbc290593fde91a59d83ec39a4243e7,dcbc290593fde91a59d83ec39a4243e7.jpg,C:\Users\Daniel\Documents\Masters\S2\OR\Fashion_Segmentation\data\test\dcbc290593fde91a59d83ec39a4243e7.jpg,C:\Users\Daniel\Documents\Masters\S2\OR\Fashion_Segmentation\data\segmentations_val\dcbc290593fde91a59d83ec39a4243e7_seg.png,1024,682,.jpg
val,18033,e0c0f2e8c0739f4be05015fa22e38c16,e0c0f2e8c0739f4be05015fa22e38c16.jpg,C:\Users\Daniel\Documents\Masters\S2\OR\Fashion_Segmentation\data\test\e0c0f2e8c0739f4be05015fa22e38c16.jpg,C:\Users\Daniel\Documents\Masters\S2\OR\Fashion_Segmentation\data\segmentations_val\e0c0f2e8c0739f4be05015fa22e38c16_seg.png,1024,683,.jpg
val,12889,e636280e96f3863157a4398c92fc299e,e636280e96f3863157a4398c92fc299e.jpg,C:\Users\Daniel\Documents\Masters\S2\OR\Fashion_Segmentation\data\test\e636280e96f3863157a4398c92fc299e.jpg,C:\Users\Daniel\Documents\Masters\S2\OR\Fashion_Segmentation\data\segmentations_val\e636280e96f3863157a4398c92fc299e_seg.png,1024,682,.jpg
val,10959,ee8429febbbf2ceb90270629d0ae0850,ee8429febbbf2ceb90270629d0ae0850.jpg,C:\Users\Daniel\Documents\Masters\S2\OR\Fashion_Segmentation\data\test\ee8429febbbf2ceb90270629d0ae0850.jpg,C:\Users\Daniel\Documents\Masters\S2\OR\Fashion_Segmentation\data\segmentations_val\ee8429febbbf2ceb90270629d0ae0850_seg.png,1024,682,.jpg
val,13039,fc7ddf414e15c6b180b53e376e5622f3,fc7ddf414e15c6b180b53e376e5622f3.jpg,C:\Users\Daniel\Documents\Masters\S2\OR\Fashion_Segmentation\data\test\fc7ddf414e15c6b180b53e376e5622f3.jpg,C:\Users\Daniel\Documents\Masters\S2\OR\Fashion_Segmentation\data\segmentations_val\fc7ddf414e15c6b180b53e376e5622f3_seg.png,680,1024,.jpg
val,16711,fd860a8100f35a28da87cec4c565ecdd,fd860a8100f35a28da87cec4c565ecdd.jpg,C:\Users\Daniel\Documents\Masters\S2\OR\Fashion_Segmentation\data\test\fd860a8100f35a28da87cec4c565ecdd.jpg,C:\Users\Daniel\Documents\Masters\S2\OR\Fashion_Segmentation\data\segmentations_val\fd860a8100f35a28da87cec4c565ecdd_seg.png,1024,1024,.jpg
val,11372,ff62c585aa0fd3f69a17717015e80fb6,ff62c585aa0fd3f69a17717015e80fb6.jpg,C:\Users\Daniel\Documents\Masters\S2\OR\Fashion_Segmentation\data\test\ff62c585aa0fd3f69a17717015e80fb6.jpg,C:\Users\Daniel\Documents\Masters\S2\OR\Fashion_Segmentation\data\segmentations_val\ff62c585aa0fd3f69a17717015e80fb6_seg.png,1024,680,.jpg
